go version go1.25.14 linux/amd64
openjdk version "17.0.20.1" 2026-08-18
go: downloading github.com/sagernet/gomobile v0.1.13
go: downloading golang.org/x/mod v0.27.0
go: downloading golang.org/x/sync v0.16.0
go: downloading golang.org/x/tools v0.36.0
internal/goarch
internal/unsafeheader
internal/byteorder
internal/coverage/rtcov
internal/cpu
internal/abi
internal/godebugs
internal/goexperiment
internal/goos
internal/profilerecord
internal/runtime/atomic
internal/bytealg
internal/chacha8rand
internal/runtime/math
internal/runtime/syscall
internal/runtime/strconv
internal/runtime/exithook
internal/runtime/gc
internal/asan
internal/msan
internal/runtime/cgroup
internal/runtime/sys
internal/stringslite
sync/atomic
internal/trace/tracev2
math/bits
internal/race
internal/synctest
internal/runtime/maps
unicode/utf8
internal/sync
unicode
cmp
internal/itoa
math
crypto/internal/fips140/alias
crypto/internal/fips140deps/byteorder
crypto/internal/fips140deps/cpu
crypto/internal/fips140/subtle
crypto/internal/boring/sig
unicode/utf16
vendor/golang.org/x/crypto/cryptobyte/asn1
internal/nettrace
encoding
internal/gover
internal/goversion
internal/platform
internal/syslist
log/internal
runtime
iter
crypto/subtle
sync
internal/reflectlite
weak
slices
maps
sort
errors
internal/bisect
internal/testlog
io
strconv
internal/oserror
path
internal/godebug
syscall
bytes
strings
reflect
hash
hash/crc32
crypto
crypto/internal/fips140deps/godebug
bufio
crypto/internal/fips140
crypto/internal/impl
crypto/internal/fips140/sha256
crypto/internal/fips140/sha3
crypto/internal/fips140/sha512
time
internal/syscall/unix
internal/syscall/execenv
crypto/internal/fips140/hmac
math/rand/v2
crypto/internal/fips140/check
crypto/internal/fips140/aes
crypto/internal/randutil
math/rand
crypto/sha3
crypto/internal/fips140/bigmod
crypto/internal/fips140hash
crypto/internal/fips140/nistec/fiat
crypto/internal/fips140/edwards25519/field
crypto/internal/fips140cache
io/fs
internal/poll
internal/fmtsort
internal/filepathlite
encoding/binary
internal/saferio
crypto/internal/fips140/edwards25519
crypto/internal/fips140/nistec
os
encoding/base64
encoding/pem
context
vendor/golang.org/x/net/dns/dnsmessage
internal/singleflight
unique
net/netip
runtime/cgo
fmt
path/filepath
crypto/internal/sysrand
crypto/internal/entropy
crypto/internal/fips140/drbg
regexp/syntax
crypto/internal/fips140/aes/gcm
compress/flate
crypto/internal/fips140only
crypto/cipher
crypto/internal/boring
math/big
archive/zip
crypto/internal/fips140/rsa
crypto/sha1
crypto/aes
crypto/des
crypto/internal/fips140/ecdh
crypto/internal/fips140/ecdsa
crypto/ecdh
crypto/sha512
crypto/internal/fips140/ed25519
crypto/md5
crypto/sha256
encoding/hex
crypto/rand
crypto/internal/boring/bbig
crypto/dsa
crypto/rsa
crypto/elliptic
encoding/asn1
crypto/ed25519
net/url
encoding/json
vendor/golang.org/x/crypto/cryptobyte
crypto/x509/pkix
encoding/xml
crypto/ecdsa
net
flag
compress/gzip
github.com/sagernet/gomobile/internal/sdkpath
regexp
github.com/sagernet/gomobile/internal/binres
golang.org/x/mod/semver
golang.org/x/sync/errgroup
go/token
golang.org/x/mod/internal/lazyregexp
golang.org/x/mod/module
go/build/constraint
go/scanner
golang.org/x/mod/modfile
container/heap
go/constant
go/ast
go/version
internal/buildcfg
internal/types/errors
go/doc/comment
internal/lazyregexp
os/exec
go/parser
internal/goroot
go/doc
hash/maphash
golang.org/x/tools/internal/stdlib
go/build
go/types
golang.org/x/tools/internal/pkgbits
golang.org/x/tools/internal/event/label
golang.org/x/tools/internal/event/keys
log
golang.org/x/tools/internal/event/core
golang.org/x/tools/internal/event
golang.org/x/tools/internal/packagesinternal
golang.org/x/tools/internal/gocommand
html
text/template/parse
io/ioutil
crypto/x509
text/template
html/template
golang.org/x/tools/internal/aliases
golang.org/x/tools/internal/versions
golang.org/x/tools/internal/typeparams
golang.org/x/tools/go/types/typeutil
golang.org/x/tools/internal/typesinternal
golang.org/x/tools/go/types/objectpath
golang.org/x/tools/internal/gcimporter
golang.org/x/tools/go/gcexportdata
golang.org/x/tools/go/packages
github.com/sagernet/gomobile/cmd/gomobile
text/tabwriter
github.com/sagernet/gomobile/internal/importers
go/printer
github.com/sagernet/gomobile/internal/importers/java
github.com/sagernet/gomobile/internal/importers/objc
go/format
github.com/sagernet/gomobile/bind
github.com/sagernet/gomobile/cmd/gobind
27.3.13750724
28.2.13676358
29.0.14206865
go: downloading github.com/gofrs/uuid/v5 v5.5.1
go: downloading github.com/mattn/go-runewidth v0.0.27
go: downloading github.com/oschwald/maxminddb-golang v1.13.1
go: downloading github.com/sagernet/quic-go v0.61.0-sing-box-mod.7
go: downloading github.com/sagernet/sing v0.9.4
go: downloading github.com/spf13/cobra v1.10.2
go: downloading golang.org/x/sys v0.47.0
go: downloading golang.org/x/term v0.45.0
go: downloading golang.zx2c4.com/wireguard/wgctrl v0.0.0-20241231184526-a9ab2273dd10
go: downloading google.golang.org/grpc v1.79.1
go: downloading google.golang.org/protobuf v1.36.11
go: downloading github.com/clipperhouse/uax29/v2 v2.2.0
go: downloading github.com/go-chi/chi/v5 v5.2.5
go: downloading github.com/miekg/dns v1.1.72
go: downloading github.com/sagernet/sing-tun v0.9.3
go: downloading go4.org/netipx v0.0.0-20231129151722-fdeea329fbba
go: downloading github.com/sagernet/netlink v0.0.0-20260814022025-64455d367bbf
go: downloading github.com/vishvananda/netns v0.0.5
go: downloading github.com/sagernet/sing-quic v0.7.0
go: downloading github.com/metacubex/utls v1.8.7
go: downloading github.com/sagernet/fswatch v0.1.2
go: downloading go.uber.org/zap v1.27.1
go: downloading golang.org/x/crypto v0.54.0
go: downloading golang.org/x/net v0.57.0
go: downloading golang.org/x/mod v0.37.0
go: downloading github.com/logrusorgru/aurora v2.0.3+incompatible
go: downloading github.com/quic-go/qpack v0.6.0
go: downloading github.com/spf13/pflag v1.0.10
go: downloading google.golang.org/genproto/googleapis/rpc v0.0.0-20251202230838-ff82c1b0f217
go: downloading github.com/database64128/tfo-go/v2 v2.3.2
go: downloading github.com/sagernet/bbolt v0.0.0-20260823094646-e24805439c9c
go: downloading github.com/jsimonetti/rtnetlink v1.4.1
go: downloading github.com/mdlayher/netlink v1.11.2
go: downloading github.com/sagernet/sing-mux v0.3.6
go: downloading github.com/sagernet/sing-vmess v0.2.8
go: downloading golang.org/x/exp v0.0.0-20260410095643-746e56fc9e2f
go: downloading github.com/florianl/go-nfqueue/v2 v2.1.0
go: downloading github.com/sagernet/gvisor v0.0.0-20260727.0-sing-box-mod.1
go: downloading github.com/sagernet/nftables v0.3.0-mod.4
go: downloading github.com/google/btree v1.1.3
go: downloading go.uber.org/multierr v1.11.0
go: downloading github.com/fsnotify/fsnotify v1.9.0
go: downloading golang.org/x/text v0.40.0
go: downloading golang.org/x/sync v0.22.0
go: downloading github.com/godbus/dbus/v5 v5.2.2
go: downloading github.com/go-chi/render v1.0.3
go: downloading github.com/sagernet/cors v1.2.1
go: downloading github.com/sagernet/ws v0.0.0-20231204124109-acfe8907c854
go: downloading github.com/anytls/sing-anytls v0.0.11
go: downloading github.com/sagernet/sing-shadowsocks v0.2.8
go: downloading github.com/sagernet/sing-shadowsocks2 v0.2.1
go: downloading github.com/sagernet/sing-shadowtls v0.2.1
go: downloading github.com/sagernet/sing-snell v0.0.0-20260829071736-20f2eaec77c3
go: downloading github.com/cretz/bine v0.2.0
go: downloading github.com/coder/websocket v1.8.14
go: downloading github.com/caddyserver/certmagic v0.25.3-0.20260421143802-60d9d8b415d6
go: downloading github.com/andybalholm/brotli v1.1.0
go: downloading github.com/klauspost/compress v1.19.1
go: downloading github.com/mdlayher/socket v0.6.0
go: downloading github.com/database64128/netx-go v0.1.1
go: downloading github.com/hashicorp/yamux v0.1.2
go: downloading github.com/sagernet/smux v1.5.50-sing-box-mod.1
go: downloading golang.org/x/time v0.15.0
go: downloading github.com/ajg/form v1.5.1
go: downloading github.com/gobwas/httphead v0.1.0
go: downloading github.com/gobwas/pool v0.2.1
go: downloading github.com/libp2p/go-nat v1.0.1-0.20250821073202-01afc089f138
go: downloading lukechampine.com/blake3 v1.3.0
go: downloading github.com/sagernet/wireguard-go v0.0.6
go: downloading github.com/caddyserver/zerossl v0.1.5
go: downloading github.com/klauspost/cpuid/v2 v2.3.0
go: downloading github.com/libdns/libdns v1.1.1
go: downloading github.com/mholt/acmez/v3 v3.1.6
go: downloading github.com/zeebo/blake3 v0.2.4
go: downloading go.uber.org/zap/exp v0.3.0
go: downloading github.com/huin/goupnp v1.3.0
go: downloading github.com/jackpal/go-nat-pmp v1.0.2
go: downloading github.com/koron/go-ssdp v0.0.4
go: downloading github.com/libp2p/go-netroute v0.2.1
go: downloading github.com/google/gopacket v1.1.19
internal/goarch
internal/unsafeheader
internal/byteorder
internal/cpu
internal/coverage/rtcov
internal/abi
internal/godebugs
internal/goexperiment
internal/goos
internal/profilerecord
internal/runtime/atomic
internal/runtime/math
internal/runtime/strconv
internal/bytealg
internal/chacha8rand
internal/runtime/syscall
internal/runtime/exithook
internal/runtime/gc
internal/runtime/cgroup
internal/asan
internal/msan
internal/runtime/sys
internal/stringslite
internal/trace/tracev2
sync/atomic
math/bits
unicode
unicode/utf8
internal/race
internal/synctest
internal/runtime/maps
internal/sync
internal/itoa
cmp
crypto/internal/fips140/alias
math
crypto/internal/fips140deps/byteorder
crypto/internal/fips140deps/cpu
crypto/internal/fips140/subtle
crypto/internal/boring/sig
container/list
unicode/utf16
vendor/golang.org/x/crypto/cryptobyte/asn1
vendor/golang.org/x/crypto/internal/alias
runtime
internal/nettrace
github.com/clipperhouse/uax29/v2/internal/iterators
log/internal
encoding
github.com/klauspost/compress/internal/cpuinfo
github.com/klauspost/compress/internal/le
github.com/metacubex/utls/dicttls
github.com/metacubex/utls/internal/byteorder
github.com/klauspost/compress
github.com/metacubex/utls/internal/cpu
github.com/metacubex/utls/internal/fips140tls
golang.org/x/crypto/cryptobyte/asn1
golang.org/x/crypto/internal/alias
github.com/sagernet/quic-go/internal/utils/ringbuffer
golang.org/x/net/internal/iana
log/slog/internal
github.com/sagernet/sing-tun/gtcpip/seqnum
github.com/sagernet/sing/common/debug
github.com/sagernet/sing-box/constant/goos
github.com/sagernet/sing/common/x/collections
github.com/sagernet/gvisor/pkg/gohacks
golang.org/x/exp/constraints
github.com/sagernet/gvisor/pkg/tcpip/seqnum
github.com/sagernet/gvisor/pkg/bits
github.com/sagernet/sing/common/x/constraints
google.golang.org/protobuf/internal/flags
google.golang.org/grpc/serviceconfig
google.golang.org/protobuf/internal/set
google.golang.org/grpc/encoding/internal
github.com/gobwas/pool/internal/pmath
github.com/sagernet/wireguard-go/replay
github.com/coder/websocket/internal/util
github.com/zeebo/blake3/internal/alg/compress/compress_sse41
github.com/zeebo/blake3/internal/alg/hash/hash_avx2
iter
internal/reflectlite
crypto/subtle
sync
slices
weak
maps
golang.org/x/exp/slices
runtime/metrics
internal/bisect
crypto/internal/fips140cache
internal/testlog
errors
internal/singleflight
unique
sort
io
internal/godebug
bytes
internal/oserror
syscall
hash
strconv
crypto/internal/fips140deps/godebug
strings
path
crypto
math/rand/v2
crypto/internal/fips140
crypto/internal/impl
crypto/internal/fips140/sha3
crypto/internal/fips140/sha256
crypto/internal/fips140/sha512
crypto/internal/randutil
reflect
math/rand
crypto/internal/fips140/hmac
time
crypto/internal/fips140/check
crypto/internal/fips140/aes
internal/syscall/unix
internal/syscall/execenv
crypto/internal/fips140/nistec/fiat
crypto/internal/fips140/edwards25519/field
crypto/internal/fips140/bigmod
crypto/sha3
crypto/internal/fips140hash
internal/saferio
crypto/internal/fips140/edwards25519
context
io/fs
internal/poll
crypto/internal/fips140/nistec
internal/filepathlite
crypto/internal/fips140/hkdf
crypto/internal/fips140/tls12
crypto/internal/fips140/tls13
crypto/fips140
crypto/tls/internal/fips140tls
os
encoding/base64
encoding/pem
vendor/golang.org/x/net/dns/dnsmessage
net/netip
internal/fmtsort
encoding/binary
bufio
github.com/clipperhouse/uax29/v2/graphemes
vendor/golang.org/x/crypto/internal/poly1305
regexp/syntax
golang.org/x/sys/unix
crypto/internal/sysrand
crypto/internal/entropy
fmt
crypto/internal/fips140/drbg
crypto/internal/fips140/aes/gcm
crypto/internal/fips140only
crypto/internal/fips140/ecdh
crypto/internal/fips140/ecdsa
crypto/cipher
crypto/internal/fips140/ed25519
crypto/hkdf
crypto/internal/boring
crypto/des
math/big
crypto/ecdh
crypto/aes
crypto/sha512
crypto/hmac
crypto/internal/fips140/mlkem
vendor/golang.org/x/crypto/chacha20
vendor/golang.org/x/sys/cpu
crypto/md5
crypto/rc4
crypto/internal/fips140/rsa
vendor/golang.org/x/crypto/chacha20poly1305
crypto/sha1
crypto/sha256
encoding/hex
net
net/url
path/filepath
crypto/rand
crypto/elliptic
crypto/internal/boring/bbig
encoding/asn1
crypto/ed25519
crypto/internal/hpke
crypto/rsa
crypto/dsa
database/sql/driver
vendor/golang.org/x/crypto/cryptobyte
crypto/x509/pkix
database/sql
regexp
crypto/ecdsa
github.com/mattn/go-runewidth
github.com/sagernet/quic-go/quicvarint
github.com/sagernet/quic-go/internal/monotime
github.com/sagernet/quic-go/monotime
log
github.com/sagernet/quic-go/qlogwriter/jsontext
runtime/debug
hash/crc32
compress/flate
hash/adler32
encoding/json
github.com/andybalholm/brotli/matchfinder
crypto/x509
github.com/gofrs/uuid/v5
github.com/oschwald/maxminddb-golang
compress/zlib
compress/gzip
vendor/golang.org/x/text/transform
vendor/golang.org/x/text/unicode/bidi
vendor/golang.org/x/text/unicode/norm
net/textproto
vendor/golang.org/x/text/secure/bidirule
vendor/golang.org/x/net/http2/hpack
mime
mime/quotedprintable
net/http/internal
net/http/internal/ascii
crypto/tls
github.com/klauspost/compress/fse
mime/multipart
vendor/golang.org/x/net/idna
github.com/klauspost/compress/huff0
github.com/klauspost/compress/internal/snapref
github.com/klauspost/compress/zstd/internal/xxhash
github.com/metacubex/utls/internal/boring
github.com/klauspost/compress/zstd
golang.org/x/crypto/cryptobyte
vendor/golang.org/x/net/http/httpguts
vendor/golang.org/x/net/http/httpproxy
github.com/metacubex/utls/internal/hkdf
golang.org/x/crypto/chacha20
golang.org/x/crypto/internal/poly1305
github.com/metacubex/utls/internal/helper
golang.org/x/sys/cpu
github.com/metacubex/utls/internal/quicvarint/protocol
github.com/metacubex/utls/internal/quicvarint
golang.org/x/crypto/chacha20poly1305
golang.org/x/crypto/sha3
github.com/metacubex/utls/internal/mlkem
github.com/metacubex/utls/internal/hpke
github.com/metacubex/utls/internal/ratelimit
github.com/metacubex/utls/internal/tls12
github.com/metacubex/utls/internal/tls13
golang.org/x/crypto/curve25519
golang.org/x/crypto/hkdf
github.com/sagernet/quic-go/internal/utils/linkedlist
github.com/sagernet/quic-go/internal/utils/tree
golang.org/x/net/bpf
golang.org/x/net/internal/socket
golang.org/x/net/http2/hpack
github.com/quic-go/qpack
golang.org/x/net/ipv4
golang.org/x/net/ipv6
golang.org/x/text/transform
golang.org/x/text/unicode/bidi
golang.org/x/text/unicode/norm
log/slog/internal/buffer
log/slog
golang.org/x/text/secure/bidirule
encoding/base32
github.com/sagernet/quic-go/internal/protocol
net/http/httptrace
github.com/sagernet/quic-go/congestion
github.com/sagernet/quic-go/internal/utils
github.com/sagernet/quic-go/internal/qerr
github.com/sagernet/quic-go/qlogwriter
github.com/sagernet/quic-go/internal/wire
net/http/internal/httpcommon
github.com/miekg/dns
golang.org/x/net/idna
net/http
github.com/sagernet/quic-go/qlog
golang.org/x/net/http/httpguts
github.com/sagernet/sing-tun/internal/tschecksum
github.com/sagernet/quic-go/internal/congestion
github.com/sagernet/sing-tun/gtcpip/checksum
github.com/google/btree
github.com/sagernet/quic-go/internal/ackhandler
github.com/sagernet/sing-tun/gtcpip
github.com/sagernet/sing-tun/gtcpip/header
github.com/sagernet/sing/common
github.com/sagernet/sing/common/format
github.com/sagernet/sing/common/x/list
github.com/sagernet/sing/common/binary
github.com/logrusorgru/aurora
github.com/sagernet/sing/common/json/internal/contextjson
github.com/sagernet/sing/common/x/linkedhashmap
github.com/sagernet/sing/common/json/badoption/internal/my_time
github.com/sagernet/sing/common/auth
github.com/sagernet/sing/service
go4.org/netipx
github.com/sagernet/sing/common/logger
github.com/sagernet/sing/common/observable
container/heap
github.com/florianl/go-nfqueue/v2/internal/unix
github.com/mdlayher/netlink/nlenc
golang.org/x/sync/errgroup
github.com/mdlayher/socket
github.com/sagernet/gvisor/pkg/state/wire
github.com/sagernet/gvisor/pkg/state
github.com/mdlayher/netlink
github.com/sagernet/gvisor/pkg/sync
github.com/sagernet/gvisor/pkg/linewriter
golang.org/x/time/rate
github.com/florianl/go-nfqueue/v2
github.com/sagernet/gvisor/pkg/log
github.com/sagernet/gvisor/pkg/tcpip/checksum
github.com/sagernet/gvisor/pkg/atomicbitops
github.com/sagernet/gvisor/pkg/waiter
github.com/sagernet/gvisor/pkg/rawfile
github.com/sagernet/gvisor/pkg/context
github.com/sagernet/gvisor/pkg/rand
github.com/sagernet/gvisor/pkg/sync/locking
github.com/andybalholm/brotli
github.com/go-chi/chi/v5
github.com/sagernet/sing/common/exceptions
github.com/sagernet/gvisor/pkg/refs
github.com/sagernet/gvisor/pkg/buffer
github.com/sagernet/sing/common/buf
github.com/sagernet/sing/common/task
github.com/sagernet/sing/common/metadata
github.com/sagernet/sing/common/json
github.com/sagernet/gvisor/pkg/tcpip
github.com/sagernet/sing/common/byteformats
github.com/sagernet/sing/common/json/badjson
github.com/sagernet/sing/common/network
github.com/sagernet/sing/common/json/badoption
github.com/sagernet/sing/common/control
github.com/sagernet/sing-box/schema
github.com/sagernet/sing/common/bufio
github.com/sagernet/gvisor/pkg/tcpip/hash/jenkins
github.com/sagernet/gvisor/pkg/sleep
github.com/sagernet/gvisor/pkg/tcpip/link/stopfd
github.com/sagernet/gvisor/pkg/tcpip/header
github.com/sagernet/gvisor/pkg/tcpip/internal/tcp
github.com/sagernet/gvisor/pkg/tcpip/transport
github.com/vishvananda/netns
github.com/sagernet/netlink/nl
io/ioutil
github.com/sagernet/sing-box/common/tlsspoof
github.com/sagernet/sing/common/varbin
github.com/sagernet/sing/common/uot
github.com/sagernet/gvisor/pkg/tcpip/ports
github.com/sagernet/sing/common/rw
github.com/sagernet/sing-box/constant
github.com/sagernet/sing/common/domain
github.com/sagernet/sing/service/filemanager
github.com/sagernet/gvisor/pkg/tcpip/transport/tcpconntrack
github.com/sagernet/sing-box/option
github.com/sagernet/gvisor/pkg/tcpip/network/hash
github.com/sagernet/netlink
github.com/sagernet/gvisor/pkg/tcpip/stack
github.com/metacubex/utls
github.com/sagernet/gvisor/pkg/tcpip/header/parse
github.com/sagernet/gvisor/pkg/tcpip/transport/internal/network
github.com/sagernet/gvisor/pkg/tcpip/transport/internal/noop
github.com/sagernet/gvisor/pkg/tcpip/transport/packet
github.com/sagernet/sing-box/log
github.com/sagernet/gvisor/pkg/tcpip/link/channel
github.com/sagernet/gvisor/pkg/tcpip/stack/gro
github.com/sagernet/gvisor/pkg/tcpip/transport/raw
github.com/sagernet/gvisor/pkg/tcpip/network/internal/fragmentation
github.com/sagernet/gvisor/pkg/tcpip/link/fdbased
github.com/sagernet/gvisor/pkg/tcpip/network/internal/ip
github.com/sagernet/gvisor/pkg/tcpip/transport/tcp
github.com/sagernet/gvisor/pkg/tcpip/transport/udp
github.com/sagernet/gvisor/pkg/tcpip/network/internal/multicast
github.com/sagernet/gvisor/pkg/tcpip/network/ipv4
github.com/sagernet/gvisor/pkg/tcpip/network/ipv6
github.com/sagernet/quic-go/internal/handshake
github.com/sagernet/gvisor/pkg/tcpip/transport/icmp
github.com/sagernet/quic-go
github.com/mdlayher/netlink/nltest
github.com/sagernet/nftables/binaryutil
github.com/sagernet/nftables/internal/parseexprfunc
github.com/sagernet/nftables/userdata
github.com/sagernet/sing/common/canceler
github.com/sagernet/nftables/alignedbuff
github.com/sagernet/nftables/xt
github.com/sagernet/sing/common/memory
github.com/sagernet/sing/common/pipe
github.com/sagernet/sing/common/ranges
os/exec
github.com/sagernet/nftables/expr
github.com/sagernet/gvisor/pkg/tcpip/adapters/gonet
github.com/sagernet/sing/common/shell
github.com/sagernet/sing/contrab/freelru
github.com/sagernet/nftables
github.com/sagernet/sing/contrab/maphash
github.com/sagernet/sing-box/common/taskmonitor
github.com/fsnotify/fsnotify/internal
github.com/fsnotify/fsnotify
github.com/database64128/netx-go
github.com/database64128/tfo-go/v2
github.com/sagernet/fswatch
github.com/sagernet/sing-box/common/redir
github.com/sagernet/sing-tun
os/user
golang.org/x/mod/semver
github.com/godbus/dbus/v5
github.com/sagernet/sing-box/common/badversion
golang.org/x/text/internal/tag
golang.org/x/text/internal/language
github.com/sagernet/quic-go/http3/qlog
github.com/sagernet/quic-go/http3
golang.org/x/text/internal/language/compact
golang.org/x/text/language
github.com/sagernet/sing-box/experimental/locale
github.com/sagernet/sing-box/experimental/deprecated
text/tabwriter
github.com/sagernet/sing/common/tls
runtime/pprof
github.com/sagernet/sing-box/common/badtls
github.com/sagernet/sing-box/common/ktls
embed
net/http/cookiejar
github.com/sagernet/sing-box/common/compatible
github.com/sagernet/sing-box/common/ja3
golang.org/x/net/publicsuffix
github.com/sagernet/sing-box/common/sniff/internal/qtls
github.com/sagernet/sing-box/common/tlsfragment
github.com/sagernet/sing/protocol/http
github.com/sagernet/sing-box/common/srs
github.com/sagernet/sing-box/service/powerreport
github.com/sagernet/sing/service/pause
hash/fnv
github.com/sagernet/sing/common/ntp
flag
go.uber.org/multierr
go.uber.org/zap/internal/pool
go.uber.org/zap/buffer
go.uber.org/zap/internal/color
go.uber.org/zap/internal/bufferpool
go.uber.org/zap/internal/exit
golang.org/x/net/internal/httpcommon
go.uber.org/zap/zapcore
go.uber.org/zap/internal/stacktrace
golang.org/x/net/internal/httpsfv
github.com/sagernet/sing/common/cleanup
github.com/sagernet/bbolt/errors
github.com/sagernet/bbolt/internal/common
golang.org/x/net/http2
github.com/sagernet/bbolt/internal/freelist
github.com/sagernet/bbolt
go.uber.org/zap/internal
go.uber.org/zap
github.com/sagernet/sing-box/adapter
github.com/sagernet/sing-tun/ping
github.com/sagernet/sing/common/udpnat2
github.com/jsimonetti/rtnetlink/internal/unix
github.com/hashicorp/yamux
github.com/jsimonetti/rtnetlink
github.com/sagernet/sing/common/atomic
github.com/sagernet/sing/common/baderror
github.com/sagernet/smux
github.com/sagernet/sing/common/replay
github.com/sagernet/sing-vmess
github.com/sagernet/sing/common/bufio/deadline
github.com/sagernet/sing-box/adapter/certificate
github.com/sagernet/sing-box/adapter/endpoint
github.com/sagernet/sing-box/adapter/inbound
github.com/sagernet/sing-box/adapter/outbound
github.com/sagernet/sing-box/adapter/service
github.com/sagernet/sing-box/common/certificate
github.com/sagernet/sing-box/common/settings
github.com/sagernet/sing-box/common/sniff
github.com/sagernet/sing-box/experimental/clashmode
github.com/sagernet/sing-box/common/listener
github.com/sagernet/sing-box/common/netns
github.com/sagernet/sing-box/common/trafficcontrol
github.com/sagernet/sing-box/common/urltest
github.com/sagernet/sing-box/experimental
github.com/sagernet/sing-box/experimental/cachefile
github.com/sagernet/sing-box/common/process
github.com/sagernet/sing-mux
github.com/sagernet/sing/common/winpowrprof
html
github.com/sagernet/sing-box/common/dialer
internal/profile
runtime/trace
github.com/sagernet/sing-box/common/convertor/adguard
net/http/pprof
github.com/sagernet/sing-box/common/geosite
github.com/sagernet/sing-quic
github.com/sagernet/sing-box/common/stun
github.com/sagernet/sing-box/common/interrupt
github.com/sagernet/sing/common/batch
github.com/sagernet/sing-box/protocol/group
github.com/sagernet/sing-box/common/networkquality
github.com/sagernet/sing-box/route/rule
github.com/sagernet/sing-box/protocol/direct
github.com/sagernet/sing-box/service/oomkiller
crypto/mlkem
golang.org/x/crypto/blowfish
golang.org/x/crypto/ssh/internal/bcrypt_pbkdf
golang.org/x/crypto/ssh
golang.org/x/net/internal/timeseries
text/template/parse
google.golang.org/grpc/backoff
google.golang.org/grpc/grpclog/internal
text/template
google.golang.org/grpc/grpclog
google.golang.org/grpc/connectivity
google.golang.org/grpc/attributes
google.golang.org/grpc/internal/credentials
google.golang.org/grpc/internal/envconfig
google.golang.org/protobuf/internal/detrand
google.golang.org/protobuf/internal/errors
google.golang.org/protobuf/encoding/protowire
google.golang.org/protobuf/internal/pragma
google.golang.org/protobuf/reflect/protoreflect
html/template
google.golang.org/protobuf/internal/encoding/messageset
google.golang.org/protobuf/internal/genid
google.golang.org/protobuf/internal/order
github.com/sagernet/sing-box/dns
go/token
golang.org/x/crypto/ssh/agent
golang.org/x/net/trace
google.golang.org/protobuf/internal/strs
google.golang.org/protobuf/reflect/protoregistry
google.golang.org/protobuf/runtime/protoiface
google.golang.org/protobuf/proto
google.golang.org/grpc/internal
google.golang.org/grpc/balancer/pickfirst/internal
google.golang.org/grpc/metadata
google.golang.org/grpc/internal/grpclog
google.golang.org/protobuf/internal/encoding/json
google.golang.org/grpc/stats
google.golang.org/grpc/experimental/stats
google.golang.org/protobuf/internal/descfmt
google.golang.org/protobuf/internal/descopts
google.golang.org/protobuf/internal/editiondefaults
google.golang.org/grpc/credentials
google.golang.org/protobuf/internal/encoding/text
google.golang.org/grpc/internal/channelz
google.golang.org/grpc/resolver
google.golang.org/grpc/internal/balancer/weight
google.golang.org/protobuf/internal/protolazy
google.golang.org/protobuf/internal/encoding/defval
google.golang.org/grpc/channelz
google.golang.org/grpc/balancer
google.golang.org/protobuf/internal/filedesc
google.golang.org/protobuf/encoding/prototext
google.golang.org/grpc/balancer/base
google.golang.org/protobuf/internal/version
google.golang.org/grpc/balancer/endpointsharding
google.golang.org/grpc/codes
google.golang.org/grpc/credentials/insecure
google.golang.org/grpc/internal/grpcutil
google.golang.org/grpc/mem
google.golang.org/grpc/internal/backoff
google.golang.org/grpc/internal/balancer/gracefulswitch
google.golang.org/grpc/encoding
google.golang.org/grpc/internal/balancerload
google.golang.org/grpc/internal/buffer
google.golang.org/grpc/internal/idle
google.golang.org/grpc/internal/grpcsync
google.golang.org/grpc/internal/metadata
google.golang.org/grpc/internal/serviceconfig
google.golang.org/grpc/internal/proxyattributes
google.golang.org/grpc/internal/resolver
google.golang.org/grpc/internal/stats
google.golang.org/grpc/internal/syscall
google.golang.org/grpc/internal/transport/networktype
google.golang.org/grpc/keepalive
google.golang.org/grpc/peer
google.golang.org/grpc/tap
google.golang.org/protobuf/encoding/protojson
google.golang.org/protobuf/internal/encoding/tag
net/http/httputil
google.golang.org/protobuf/internal/impl
google.golang.org/grpc/internal/resolver/passthrough
google.golang.org/grpc/internal/resolver/unix
google.golang.org/grpc/balancer/grpclb/state
google.golang.org/grpc/internal/resolver/dns/internal
golang.org/x/sync/semaphore
google.golang.org/grpc/internal/resolver/dns
github.com/sagernet/sing-box/dns/transport/local/systemconfig
google.golang.org/grpc/resolver/dns
archive/zip
expvar
github.com/sagernet/sing-box/common/tls
github.com/sagernet/sing-box/protocol/dns
github.com/sagernet/sing-box/dns/transport/fakeip
github.com/sagernet/sing-box/route
github.com/sagernet/sing-box/dns/transport/hosts
github.com/sagernet/sing-box/dns/transport/mdns
github.com/go-chi/chi/v5/middleware
github.com/sagernet/sing-box/common/httpclient
github.com/sagernet/sing-box/dns/transport
encoding/xml
github.com/sagernet/sing-box/service/resolved
google.golang.org/protobuf/internal/filetype
google.golang.org/protobuf/runtime/protoimpl
google.golang.org/protobuf/protoadapt
google.golang.org/grpc/internal/pretty
google.golang.org/grpc/balancer/pickfirst
google.golang.org/grpc/encoding/proto
google.golang.org/grpc/balancer/roundrobin
google.golang.org/protobuf/types/known/durationpb
google.golang.org/protobuf/types/known/timestamppb
google.golang.org/protobuf/types/known/anypb
github.com/sagernet/sing-box
google.golang.org/grpc/binarylog/grpc_binarylog_v1
google.golang.org/genproto/googleapis/rpc/status
google.golang.org/grpc/internal/status
google.golang.org/protobuf/types/descriptorpb
google.golang.org/grpc/status
google.golang.org/protobuf/types/known/emptypb
google.golang.org/grpc/internal/binarylog
google.golang.org/grpc/internal/transport
github.com/sagernet/sing-box/dns/transport/local
google.golang.org/protobuf/internal/editionssupport
google.golang.org/protobuf/types/gofeaturespb
google.golang.org/protobuf/reflect/protodesc
github.com/sagernet/sing-box/dns/transport/quic
github.com/ajg/form
google.golang.org/grpc/internal/resolver/delegatingresolver
github.com/go-chi/render
google.golang.org/grpc
github.com/sagernet/cors
github.com/gobwas/httphead
github.com/gobwas/pool
github.com/gobwas/pool/pbufio
github.com/gobwas/pool/pbytes
github.com/sagernet/ws
github.com/anytls/sing-anytls/util
github.com/anytls/sing-anytls/padding
github.com/anytls/sing-anytls/pipe
github.com/anytls/sing-anytls/skiplist
github.com/anytls/sing-anytls/session
github.com/sagernet/ws/wsutil
github.com/sagernet/sing-box/common/uot
github.com/sagernet/sing-box/protocol/block
github.com/anytls/sing-anytls
github.com/sagernet/sing-box/experimental/clashapi
github.com/sagernet/sing-box/protocol/anytls
github.com/sagernet/sing-box/protocol/bridge
google.golang.org/grpc/health/grpc_health_v1
google.golang.org/grpc/health
google.golang.org/grpc/reflection/grpc_reflection_v1
google.golang.org/grpc/reflection/grpc_reflection_v1alpha
github.com/sagernet/sing-box/protocol/http
github.com/sagernet/sing-quic/congestion_meta1
github.com/sagernet/sing-quic/congestion_meta2
google.golang.org/grpc/reflection/internal
github.com/sagernet/sing/common/cache
github.com/sagernet/sing-quic/tuic
google.golang.org/grpc/reflection
github.com/sagernet/sing-quic/hysteria/congestion
github.com/sagernet/sing-quic/hysteria
github.com/sagernet/sing-box/daemon
github.com/sagernet/sing-quic/hysteria2/internal/protocol
github.com/huin/goupnp/httpu
github.com/huin/goupnp/scpd
github.com/sagernet/sing-box/protocol/tuic
github.com/huin/goupnp/soap
github.com/huin/goupnp/ssdp
github.com/huin/goupnp
github.com/jackpal/go-nat-pmp
github.com/huin/goupnp/dcps/internetgateway1
github.com/huin/goupnp/dcps/internetgateway2
github.com/koron/go-ssdp/internal/ssdplog
github.com/koron/go-ssdp/internal/multicast
github.com/koron/go-ssdp
github.com/sagernet/sing-box/protocol/hysteria
github.com/google/gopacket/routing
github.com/sagernet/sing-quic/hysteria2/internal/stun
github.com/libp2p/go-netroute
golang.org/x/sync/singleflight
github.com/libp2p/go-nat
golang.org/x/crypto/blake2b
github.com/sagernet/sing-quic/hysteria2/realm
golang.org/x/net/http2/h2c
github.com/sagernet/sing/protocol/socks/socks4
github.com/sagernet/sing/protocol/socks/socks5
github.com/sagernet/sing/protocol/socks
github.com/sagernet/sing-quic/hysteria2
github.com/sagernet/sing-box/transport/v2rayhttp
github.com/sagernet/sing-box/protocol/mixed
github.com/sagernet/sing-box/protocol/naive
github.com/sagernet/sing-box/protocol/redirect
github.com/sagernet/sing-box/protocol/hysteria2
github.com/sagernet/sing-box/protocol/naive/quic
github.com/sagernet/sing-box/common/mux
github.com/sagernet/sing/common/random
github.com/sagernet/sing-box/transport/simple-obfs
github.com/sagernet/sing-box/transport/v2raygrpclite
github.com/sagernet/sing-box/transport/v2rayhttpupgrade
github.com/sagernet/sing-box/transport/v2raywebsocket
github.com/sagernet/sing/common/udpnat
github.com/sagernet/sing-shadowsocks
github.com/sagernet/sing-box/transport/v2ray
github.com/klauspost/cpuid/v2
github.com/sagernet/sing-box/transport/sip003
github.com/sagernet/sing-shadowsocks/shadowaead
lukechampine.com/blake3/guts
github.com/sagernet/sing-shadowsocks2/cipher
github.com/sagernet/sing-shadowsocks2/internal/legacykey
github.com/sagernet/sing-shadowsocks2/internal/shadowio
github.com/sagernet/sing-shadowsocks2/shadowstream
github.com/sagernet/sing-shadowtls
lukechampine.com/blake3/bao
github.com/sagernet/sing-shadowsocks2/shadowaead
lukechampine.com/blake3
golang.org/x/crypto/argon2
github.com/sagernet/sing-shadowsocks/shadowaead_2022
github.com/sagernet/sing-shadowsocks2/shadowaead_2022
github.com/sagernet/sing-snell
github.com/sagernet/sing-box/protocol/shadowtls
github.com/sagernet/sing-shadowsocks2
github.com/sagernet/sing-snell/internal/reuse
github.com/sagernet/sing-box/protocol/socks
github.com/sagernet/sing-snell/snellv4
github.com/sagernet/sing-box/protocol/shadowsocks
github.com/sagernet/sing-snell/snellv5
github.com/sagernet/sing-snell/snellv6
github.com/sagernet/sing-box/protocol/ssh
github.com/cretz/bine/torutil/ed25519/internal/edwards25519
golang.org/x/crypto/ed25519
golang.org/x/net/internal/socks
github.com/cretz/bine/torutil/ed25519
golang.org/x/net/proxy
github.com/cretz/bine/torutil
github.com/cretz/bine/control
github.com/cretz/bine/process
github.com/sagernet/sing-box/protocol/snell
github.com/sagernet/sing-box/common/proxybridge
github.com/sagernet/sing-box/transport/trojan
github.com/sagernet/sing-box/protocol/trojan
github.com/cretz/bine/tor
github.com/sagernet/sing-box/protocol/tun
github.com/sagernet/sing-box/protocol/tor
github.com/sagernet/sing-vmess/packetaddr
github.com/sagernet/sing-vmess/vless
github.com/sagernet/sing-box/protocol/vmess
github.com/sagernet/sing-box/common/iponly
github.com/sagernet/wireguard-go/conn
github.com/sagernet/sing-box/protocol/vless
github.com/sagernet/wireguard-go/rwcancel
github.com/sagernet/wireguard-go/ipc
github.com/sagernet/wireguard-go/ratelimiter
github.com/sagernet/wireguard-go/tai64n
github.com/sagernet/wireguard-go/tun
golang.org/x/crypto/blake2s
golang.org/x/crypto/poly1305
github.com/coder/websocket/internal/errd
github.com/coder/websocket
github.com/caddyserver/certmagic/internal/atomicfile
github.com/caddyserver/zerossl
github.com/sagernet/wireguard-go/device
github.com/libdns/libdns
github.com/mholt/acmez/v3/acme
github.com/zeebo/blake3/internal/consts
github.com/zeebo/blake3/internal/alg/compress/compress_pure
github.com/zeebo/blake3/internal/alg/compress
github.com/sagernet/sing-box/service/api
github.com/zeebo/blake3/internal/utils
github.com/zeebo/blake3/internal/alg/hash/hash_pure
github.com/zeebo/blake3/internal/alg/hash
github.com/zeebo/blake3/internal/alg
github.com/mholt/acmez/v3
github.com/zeebo/blake3
go.uber.org/zap/exp/zapslog
golang.org/x/crypto/ocsp
github.com/sagernet/sing-box/service/ssmapi
github.com/caddyserver/certmagic
github.com/sagernet/sing-box/transport/wireguard
github.com/sagernet/sing-box/transport/v2rayquic
encoding/csv
github.com/sagernet/sing-box/service/origin_ca
github.com/spf13/pflag
golang.org/x/term
github.com/sagernet/sing-box/protocol/wireguard
golang.zx2c4.com/wireguard/wgctrl/wgtypes
os/signal
github.com/spf13/cobra
github.com/sagernet/sing-box/include
github.com/sagernet/sing-box/cmd/sing-box
go: downloading github.com/sagernet/gomobile v0.1.12
go: downloading github.com/sagernet/cronet-go/lib/android_arm64 v0.0.0-20260912104006-c10c03c318db
go: downloading github.com/sagernet/cronet-go/lib/android_386 v0.0.0-20260912104006-c10c03c318db
internal/goarch
internal/unsafeheader
internal/byteorder
internal/cpu
internal/coverage/rtcov
internal/abi
internal/godebugs
internal/goexperiment
internal/goos
internal/profilerecord
internal/runtime/atomic
internal/runtime/math
internal/bytealg
internal/chacha8rand
internal/goarch
internal/unsafeheader
internal/byteorder
internal/cpu
internal/coverage/rtcov
internal/abi
internal/godebugs
internal/goexperiment
internal/runtime/strconv
internal/runtime/syscall
internal/goos
internal/runtime/exithook
internal/profilerecord
internal/runtime/gc
internal/runtime/math
internal/runtime/syscall
internal/runtime/strconv
internal/asan
internal/runtime/cgroup
internal/msan
internal/runtime/gc
internal/runtime/sys
internal/stringslite
internal/bytealg
internal/chacha8rand
internal/runtime/atomic
internal/trace/tracev2
cmp
internal/itoa
math/bits
unicode/utf8
sync/atomic
internal/runtime/cgroup
internal/asan
internal/msan
unicode
internal/runtime/sys
math
internal/race
internal/synctest
internal/stringslite
internal/runtime/maps
internal/sync
internal/runtime/exithook
internal/trace/tracev2
cmp
internal/itoa
math/bits
unicode/utf8
sync/atomic
unicode/utf16
math
crypto/internal/fips140/alias
unicode
unicode/utf16
crypto/internal/fips140deps/byteorder
crypto/internal/fips140/alias
crypto/internal/fips140deps/cpu
crypto/internal/fips140deps/byteorder
crypto/internal/fips140/subtle
internal/race
internal/synctest
crypto/internal/fips140deps/cpu
internal/runtime/maps
crypto/internal/boring/sig
internal/sync
runtime
container/list
vendor/golang.org/x/crypto/cryptobyte/asn1
crypto/internal/boring/sig
vendor/golang.org/x/crypto/internal/alias
internal/nettrace
encoding
container/list
golang.org/x/crypto/internal/alias
filippo.io/hpke/internal/byteorder
log/internal
golang.org/x/net/internal/iana
github.com/sagernet/sing-tun/gtcpip/seqnum
vendor/golang.org/x/crypto/cryptobyte/asn1
github.com/sagernet/sing/common/debug
github.com/sagernet/sing-box/constant/goos
vendor/golang.org/x/crypto/internal/alias
github.com/sagernet/sing/common/x/collections
github.com/sagernet/gvisor/pkg/gohacks
golang.org/x/exp/constraints
internal/nettrace
github.com/sagernet/gvisor/pkg/tcpip/seqnum
github.com/sagernet/gvisor/pkg/bits
github.com/sagernet/sing/common/abx/internal
github.com/sagernet/sing/common/x/constraints
encoding
github.com/klauspost/compress
github.com/klauspost/compress/internal/cpuinfo
golang.org/x/crypto/internal/alias
github.com/klauspost/compress/internal/le
filippo.io/hpke/internal/byteorder
github.com/metacubex/utls/dicttls
log/internal
golang.org/x/net/internal/iana
github.com/sagernet/sing-tun/gtcpip/seqnum
github.com/metacubex/utls/internal/byteorder
github.com/metacubex/utls/internal/cpu
github.com/sagernet/sing/common/debug
github.com/sagernet/sing-box/constant/goos
github.com/sagernet/sing/common/x/collections
github.com/sagernet/gvisor/pkg/gohacks
golang.org/x/exp/constraints
github.com/metacubex/utls/internal/fips140tls
github.com/sagernet/gvisor/pkg/tcpip/seqnum
github.com/sagernet/gvisor/pkg/bits
github.com/sagernet/sing/common/abx/internal
golang.org/x/crypto/cryptobyte/asn1
github.com/sagernet/sing/common/x/constraints
github.com/klauspost/compress
github.com/metacubex/utls/dicttls
github.com/metacubex/utls/internal/byteorder
github.com/sagernet/quic-go/internal/utils/ringbuffer
log/slog/internal
github.com/metacubex/utls/internal/cpu
google.golang.org/protobuf/internal/flags
github.com/metacubex/utls/internal/fips140tls
google.golang.org/grpc/serviceconfig
google.golang.org/protobuf/internal/set
golang.org/x/crypto/cryptobyte/asn1
google.golang.org/grpc/encoding/internal
github.com/sagernet/quic-go/internal/utils/ringbuffer
github.com/gobwas/pool/internal/pmath
log/slog/internal
github.com/pierrec/lz4/v4/internal/lz4errors
github.com/pion/dtls/v3/internal/ciphersuite/types
google.golang.org/protobuf/internal/flags
google.golang.org/grpc/serviceconfig
github.com/pion/dtls/v3/pkg/crypto/clientcertificate
golang.org/x/net/html/atom
google.golang.org/protobuf/internal/set
github.com/sagernet/tailscale/util/mak
google.golang.org/grpc/encoding/internal
github.com/sagernet/tailscale/feature/buildfeatures
github.com/gobwas/pool/internal/pmath
github.com/pierrec/lz4/v4/internal/lz4errors
github.com/sagernet/tailscale/util/nocasemaps
github.com/sagernet/tailscale/internal/godown/std/errors
github.com/pion/dtls/v3/internal/ciphersuite/types
github.com/sagernet/tailscale/types/structs
github.com/sagernet/tailscale/types/tkatype
golang.org/x/crypto/salsa20/salsa
github.com/pion/dtls/v3/pkg/crypto/clientcertificate
github.com/sagernet/tailscale/types/result
runtime
github.com/golang/groupcache/lru
golang.org/x/net/html/atom
github.com/sagernet/tailscale/util/mak
github.com/sagernet/tailscale/feature/buildfeatures
github.com/gaissmai/bart/internal/art
github.com/gaissmai/bart/internal/bitset
github.com/sagernet/tailscale/util/nocasemaps
github.com/sagernet/tailscale/internal/godown/std/errors
github.com/sagernet/tailscale/util/syspolicy/pkey
github.com/sagernet/tailscale/types/structs
github.com/sagernet/tailscale/util/syspolicy/ptype
github.com/sagernet/tailscale/types/tkatype
golang.org/x/crypto/salsa20/salsa
github.com/sagernet/tailscale/types/result
github.com/gaissmai/bart/internal/lpm
github.com/gaissmai/bart/internal/allot
github.com/golang/groupcache/lru
github.com/gaissmai/bart/internal/sparse
github.com/gaissmai/bart/internal/art
github.com/sagernet/tailscale/util/httpm
github.com/gaissmai/bart/internal/bitset
github.com/sagernet/tailscale/types/empty
github.com/sagernet/tailscale/control/controlhttp/controlhttpcommon
github.com/sagernet/tailscale/derp/derpconst
github.com/sagernet/tailscale/util/must
github.com/sagernet/wireguard-go/replay
github.com/sagernet/tailscale/util/syspolicy/pkey
github.com/sagernet/tailscale/util/checkchange
github.com/sagernet/tailscale/health/healthmsg
github.com/sagernet/tailscale/util/racebuild
github.com/sagernet/tailscale/util/syspolicy/ptype
github.com/sagernet/tailscale/net/netkernelconf
github.com/sagernet/tailscale/feature/condregister/netlog
github.com/sagernet/tailscale/util/osdiag
github.com/gaissmai/bart/internal/lpm
github.com/sagernet/tailscale/types/bools
github.com/gaissmai/bart/internal/allot
github.com/coder/websocket/internal/util
github.com/zeebo/blake3/internal/alg/compress/compress_sse41
github.com/gaissmai/bart/internal/sparse
github.com/zeebo/blake3/internal/alg/hash/hash_avx2
github.com/sagernet/tailscale/util/httpm
github.com/sagernet/tailscale/types/empty
github.com/sagernet/tailscale/control/controlhttp/controlhttpcommon
github.com/sagernet/tailscale/derp/derpconst
github.com/sagernet/tailscale/util/must
github.com/sagernet/wireguard-go/replay
github.com/sagernet/tailscale/util/checkchange
github.com/sagernet/tailscale/health/healthmsg
github.com/sagernet/tailscale/util/racebuild
github.com/sagernet/tailscale/net/netkernelconf
github.com/sagernet/tailscale/feature/condregister/netlog
github.com/sagernet/tailscale/util/osdiag
github.com/sagernet/tailscale/types/bools
github.com/coder/websocket/internal/util
internal/goarch
internal/unsafeheader
internal/byteorder
internal/cpu
internal/coverage/rtcov
internal/abi
internal/godebugs
internal/goexperiment
internal/bytealg
internal/chacha8rand
internal/goos
internal/profilerecord
internal/runtime/atomic
internal/runtime/math
internal/goarch
internal/unsafeheader
internal/runtime/syscall
internal/byteorder
internal/runtime/strconv
internal/cpu
internal/abi
internal/coverage/rtcov
internal/runtime/gc
internal/godebugs
internal/goexperiment
internal/runtime/exithook
internal/asan
internal/goos
internal/profilerecord
internal/runtime/cgroup
internal/bytealg
internal/msan
internal/chacha8rand
internal/runtime/atomic
internal/stringslite
internal/runtime/sys
internal/runtime/math
internal/runtime/strconv
internal/trace/tracev2
internal/runtime/syscall
cmp
internal/itoa
math/bits
internal/runtime/gc
internal/race
internal/runtime/cgroup
unicode/utf8
internal/runtime/exithook
internal/asan
internal/msan
sync/atomic
internal/runtime/sys
internal/runtime/maps
internal/stringslite
math
internal/synctest
cmp
internal/trace/tracev2
internal/itoa
math/bits
unicode
unicode/utf8
math
sync/atomic
unicode
internal/sync
unicode/utf16
unicode/utf16
crypto/internal/fips140/alias
crypto/internal/fips140deps/byteorder
crypto/internal/fips140/alias
crypto/internal/fips140deps/cpu
internal/race
internal/synctest
internal/runtime/maps
crypto/internal/fips140deps/byteorder
internal/sync
crypto/internal/boring/sig
crypto/internal/fips140deps/cpu
crypto/internal/fips140/subtle
container/list
crypto/internal/boring/sig
container/list
vendor/golang.org/x/crypto/cryptobyte/asn1
vendor/golang.org/x/crypto/cryptobyte/asn1
vendor/golang.org/x/crypto/internal/alias
vendor/golang.org/x/crypto/internal/alias
internal/nettrace
encoding
internal/nettrace
encoding
golang.org/x/crypto/internal/alias
filippo.io/hpke/internal/byteorder
golang.org/x/crypto/internal/alias
filippo.io/hpke/internal/byteorder
log/internal
log/internal
golang.org/x/net/internal/iana
golang.org/x/net/internal/iana
github.com/sagernet/sing-tun/gtcpip/seqnum
github.com/sagernet/sing-tun/gtcpip/seqnum
github.com/sagernet/sing/common/debug
github.com/sagernet/sing-box/constant/goos
github.com/sagernet/sing/common/debug
github.com/sagernet/sing/common/x/collections
github.com/sagernet/sing-box/constant/goos
github.com/sagernet/gvisor/pkg/gohacks
github.com/sagernet/sing/common/x/collections
github.com/sagernet/gvisor/pkg/gohacks
golang.org/x/exp/constraints
golang.org/x/exp/constraints
github.com/sagernet/gvisor/pkg/tcpip/seqnum
github.com/sagernet/sing/common/abx/internal
github.com/sagernet/gvisor/pkg/bits
github.com/sagernet/gvisor/pkg/tcpip/seqnum
runtime
github.com/sagernet/gvisor/pkg/bits
github.com/sagernet/sing/common/abx/internal
github.com/sagernet/sing/common/x/constraints
github.com/sagernet/sing/common/x/constraints
github.com/klauspost/compress
github.com/klauspost/compress
github.com/klauspost/compress/internal/le
github.com/metacubex/utls/dicttls
github.com/metacubex/utls/internal/byteorder
github.com/metacubex/utls/internal/cpu
github.com/metacubex/utls/dicttls
github.com/metacubex/utls/internal/byteorder
github.com/metacubex/utls/internal/fips140tls
runtime
github.com/metacubex/utls/internal/cpu
golang.org/x/crypto/cryptobyte/asn1
github.com/metacubex/utls/internal/fips140tls
github.com/sagernet/quic-go/internal/utils/ringbuffer
golang.org/x/crypto/cryptobyte/asn1
log/slog/internal
google.golang.org/protobuf/internal/flags
google.golang.org/grpc/serviceconfig
google.golang.org/protobuf/internal/set
github.com/sagernet/quic-go/internal/utils/ringbuffer
log/slog/internal
google.golang.org/grpc/encoding/internal
google.golang.org/protobuf/internal/flags
google.golang.org/grpc/serviceconfig
google.golang.org/protobuf/internal/set
github.com/gobwas/pool/internal/pmath
github.com/pierrec/lz4/v4/internal/lz4errors
github.com/pion/dtls/v3/internal/ciphersuite/types
github.com/pion/dtls/v3/pkg/crypto/clientcertificate
google.golang.org/grpc/encoding/internal
github.com/gobwas/pool/internal/pmath
golang.org/x/net/html/atom
github.com/sagernet/tailscale/util/mak
github.com/sagernet/tailscale/feature/buildfeatures
github.com/sagernet/tailscale/util/nocasemaps
github.com/sagernet/tailscale/internal/godown/std/errors
github.com/pierrec/lz4/v4/internal/lz4errors
github.com/sagernet/tailscale/types/structs
github.com/sagernet/tailscale/types/tkatype
golang.org/x/crypto/salsa20/salsa
github.com/pion/dtls/v3/internal/ciphersuite/types
github.com/pion/dtls/v3/pkg/crypto/clientcertificate
github.com/sagernet/tailscale/types/result
golang.org/x/net/html/atom
github.com/golang/groupcache/lru
github.com/sagernet/tailscale/util/mak
github.com/gaissmai/bart/internal/art
github.com/sagernet/tailscale/feature/buildfeatures
github.com/sagernet/tailscale/util/nocasemaps
github.com/gaissmai/bart/internal/bitset
github.com/sagernet/tailscale/util/syspolicy/pkey
github.com/sagernet/tailscale/internal/godown/std/errors
github.com/sagernet/tailscale/types/structs
github.com/sagernet/tailscale/util/syspolicy/ptype
github.com/sagernet/tailscale/types/tkatype
golang.org/x/crypto/salsa20/salsa
github.com/sagernet/tailscale/util/httpm
github.com/sagernet/tailscale/types/result
github.com/gaissmai/bart/internal/lpm
github.com/gaissmai/bart/internal/allot
github.com/gaissmai/bart/internal/sparse
github.com/golang/groupcache/lru
github.com/sagernet/tailscale/types/empty
github.com/gaissmai/bart/internal/art
github.com/sagernet/tailscale/control/controlhttp/controlhttpcommon
github.com/sagernet/tailscale/derp/derpconst
github.com/sagernet/tailscale/util/must
github.com/sagernet/wireguard-go/replay
github.com/sagernet/tailscale/util/checkchange
github.com/gaissmai/bart/internal/bitset
github.com/sagernet/tailscale/health/healthmsg
github.com/sagernet/tailscale/util/racebuild
github.com/sagernet/tailscale/net/netkernelconf
github.com/sagernet/tailscale/util/syspolicy/pkey
github.com/sagernet/tailscale/util/syspolicy/ptype
github.com/sagernet/tailscale/feature/condregister/netlog
github.com/sagernet/tailscale/util/osdiag
github.com/sagernet/tailscale/types/bools
github.com/coder/websocket/internal/util
github.com/sagernet/tailscale/util/httpm
github.com/gaissmai/bart/internal/lpm
github.com/gaissmai/bart/internal/allot
github.com/gaissmai/bart/internal/sparse
github.com/sagernet/tailscale/types/empty
github.com/sagernet/tailscale/control/controlhttp/controlhttpcommon
github.com/sagernet/tailscale/derp/derpconst
github.com/sagernet/tailscale/util/must
github.com/sagernet/wireguard-go/replay
github.com/sagernet/tailscale/util/checkchange
github.com/sagernet/tailscale/health/healthmsg
github.com/sagernet/tailscale/util/racebuild
github.com/sagernet/tailscale/net/netkernelconf
github.com/sagernet/tailscale/feature/condregister/netlog
github.com/sagernet/tailscale/util/osdiag
github.com/sagernet/tailscale/types/bools
github.com/coder/websocket/internal/util
internal/reflectlite
iter
sync
crypto/internal/fips140/subtle
slices
crypto/subtle
weak
maps
golang.org/x/exp/slices
runtime/metrics
golang.org/x/exp/maps
github.com/sagernet/tailscale/types/mapx
internal/bisect
internal/testlog
crypto/internal/fips140cache
errors
sort
strconv
io
internal/oserror
path
internal/godebug
syscall
reflect
bytes
iter
sync
crypto/subtle
internal/reflectlite
slices
weak
maps
golang.org/x/exp/slices
runtime/metrics
golang.org/x/exp/maps
github.com/sagernet/tailscale/types/mapx
strings
errors
sort
bufio
internal/testlog
internal/bisect
strconv
io
hash
time
internal/syscall/unix
internal/oserror
path
internal/godebug
syscall
internal/syscall/execenv
hash/crc32
crypto
bytes
crypto/internal/fips140deps/godebug
reflect
crypto/internal/fips140
crypto/internal/fips140/sha256
strings
crypto/internal/fips140/sha3
crypto/internal/fips140/sha512
crypto/internal/fips140/hmac
time
crypto/internal/fips140/check
internal/syscall/unix
crypto/internal/fips140/aes
io/fs
internal/syscall/execenv
internal/poll
bufio
internal/filepathlite
hash
context
hash/crc32
math/rand/v2
crypto
internal/fmtsort
os
internal/poll
io/fs
encoding/binary
crypto/internal/randutil
math/rand
crypto/internal/fips140/nistec/fiat
internal/filepathlite
context
os
crypto/internal/fips140/edwards25519/field
crypto/internal/impl
crypto/internal/fips140/bigmod
crypto/internal/fips140deps/godebug
crypto/internal/fips140
runtime/cgo
runtime/cgo
crypto/internal/impl
crypto/internal/fips140/sha256
internal/reflectlite
iter
sync
crypto/internal/fips140/subtle
slices
crypto/sha3
crypto/subtle
weak
maps
golang.org/x/exp/slices
crypto/internal/fips140/sha3
crypto/internal/fips140hash
runtime/metrics
internal/fmtsort
internal/saferio
golang.org/x/exp/maps
iter
internal/reflectlite
sync
crypto/subtle
github.com/sagernet/tailscale/types/mapx
crypto/internal/fips140/edwards25519
slices
weak
maps
runtime/metrics
internal/bisect
internal/testlog
golang.org/x/exp/slices
fmt
encoding/binary
errors
sort
crypto/internal/fips140/sha512
golang.org/x/exp/maps
strconv
github.com/sagernet/tailscale/types/mapx
runtime/cgo
io
crypto/internal/fips140/hmac
internal/bisect
internal/testlog
errors
crypto/internal/fips140/check
internal/oserror
crypto/internal/fips140/aes
path
internal/godebug
sort
runtime/cgo
path/filepath
strconv
io
syscall
fmt
reflect
path/filepath
time
crypto/internal/sysrand
reflect
compress/flate
crypto/internal/sysrand
math/big
internal/fmtsort
compress/flate
compress/gzip
internal/fmtsort
internal/oserror
crypto/internal/entropy
path
archive/zip
internal/syscall/unix
internal/poll
io/fs
math/rand/v2
internal/godebug
math/rand
bytes
crypto/internal/entropy
crypto/internal/fips140/nistec
syscall
crypto/internal/fips140/drbg
internal/syscall/execenv
archive/zip
bytes
crypto/internal/fips140/aes/gcm
compress/gzip
crypto/internal/randutil
internal/filepathlite
strings
crypto/internal/fips140/drbg
encoding/binary
crypto/internal/fips140only
math/big
strings
crypto/cipher
encoding/binary
crypto/internal/boring
crypto/internal/fips140/aes/gcm
crypto/rand
crypto/sha256
os
bufio
crypto/aes
crypto/internal/fips140only
crypto/des
crypto/cipher
crypto/internal/boring/bbig
hash
crypto/sha512
hash/crc32
encoding/asn1
bufio
context
crypto/internal/fips140/ed25519
crypto/internal/boring
crypto/sha256
crypto
crypto/aes
crypto/des
crypto/internal/fips140deps/godebug
math/rand/v2
crypto/ed25519
crypto/internal/fips140/nistec/fiat
hash
crypto/internal/fips140
hash/crc32
crypto
crypto/internal/fips140/sha256
crypto/internal/fips140deps/godebug
crypto/internal/fips140/sha3
crypto/internal/impl
crypto/internal/fips140/edwards25519/field
math/rand/v2
crypto/internal/fips140
vendor/golang.org/x/crypto/cryptobyte
crypto/internal/fips140/sha256
crypto/internal/fips140/sha512
crypto/internal/fips140/bigmod
time
crypto/internal/fips140/hkdf
internal/syscall/unix
internal/syscall/execenv
crypto/hkdf
crypto/internal/randutil
crypto/hmac
crypto/internal/fips140/hmac
math/rand
crypto/internal/fips140/sha3
crypto/internal/fips140/mlkem
crypto/internal/fips140/tls12
crypto/internal/fips140/sha512
crypto/internal/fips140/tls13
crypto/internal/fips140/check
crypto/internal/randutil
crypto/internal/fips140/aes
math/rand
crypto/rand
vendor/golang.org/x/crypto/chacha20
vendor/golang.org/x/crypto/internal/poly1305
crypto/internal/fips140/nistec/fiat
crypto/internal/fips140/hmac
crypto/internal/boring/bbig
crypto/internal/fips140cache
crypto/sha3
crypto/internal/fips140/nistec
crypto/sha512
crypto/internal/fips140/ecdh
crypto/internal/fips140/check
crypto/internal/fips140hash
crypto/elliptic
internal/saferio
encoding/asn1
crypto/internal/fips140/ecdsa
crypto/internal/fips140/edwards25519
crypto/internal/fips140/edwards25519/field
crypto/internal/fips140/aes
crypto/internal/fips140/nistec/fiat
crypto/ecdh
crypto/internal/impl
crypto/internal/fips140/bigmod
vendor/golang.org/x/crypto/chacha20poly1305
crypto/md5
crypto/internal/fips140/edwards25519/field
crypto/ecdsa
fmt
crypto/internal/hpke
crypto/internal/fips140/ed25519
crypto/rc4
crypto/internal/fips140/bigmod
crypto/internal/fips140/rsa
crypto/sha1
path/filepath
crypto/ed25519
vendor/golang.org/x/crypto/cryptobyte
crypto/fips140
io/fs
crypto/tls/internal/fips140tls
crypto/dsa
encoding/hex
crypto/internal/sysrand
crypto/rsa
internal/poll
internal/filepathlite
crypto/x509/pkix
crypto/internal/fips140/hkdf
context
crypto/internal/entropy
crypto/internal/fips140/drbg
crypto/hmac
crypto/hkdf
encoding/base64
compress/flate
crypto/internal/fips140/mlkem
crypto/internal/fips140/tls12
crypto/internal/fips140/aes/gcm
crypto/internal/fips140/tls13
vendor/golang.org/x/net/dns/dnsmessage
encoding/pem
crypto/internal/fips140cache
crypto/internal/fips140only
vendor/golang.org/x/crypto/chacha20
crypto/cipher
crypto/sha3
archive/zip
vendor/golang.org/x/crypto/internal/poly1305
internal/singleflight
crypto/internal/fips140/ecdh
crypto/elliptic
unique
crypto/internal/fips140hash
crypto/internal/fips140/nistec
hash/adler32
compress/gzip
crypto/ecdh
internal/saferio
crypto/internal/fips140/ecdsa
compress/zlib
crypto/internal/fips140/edwards25519
os
debug/dwarf
crypto/internal/boring
crypto/md5
vendor/golang.org/x/sys/cpu
math/big
internal/zstd
net/netip
crypto/ecdsa
vendor/golang.org/x/crypto/chacha20poly1305
crypto/rc4
crypto/internal/fips140/rsa
crypto/internal/fips140/hkdf
github.com/sagernet/gomobile/internal/mobileinit
github.com/sagernet/gomobile/internal/mobileinit
crypto/sha256
crypto/internal/fips140/tls12
crypto/aes
crypto/internal/hpke
crypto/des
crypto/internal/fips140/tls13
github.com/sagernet/gomobile/internal/mobileinit
github.com/sagernet/gomobile/internal/mobileinit
debug/plan9obj
crypto/internal/fips140/nistec
vendor/golang.org/x/crypto/internal/poly1305
crypto/sha1
runtime/debug
crypto/fips140
crypto/rsa
crypto/tls/internal/fips140tls
crypto/internal/fips140cache
encoding/base64
crypto/sha3
crypto/internal/fips140hash
crypto/fips140
crypto/sha512
crypto/tls/internal/fips140tls
internal/saferio
crypto/internal/fips140/edwards25519
encoding/pem
net
crypto/dsa
net/url
debug/elf
encoding/hex
encoding/base64
vendor/golang.org/x/net/dns/dnsmessage
fmt
crypto/x509/pkix
encoding/pem
vendor/golang.org/x/net/dns/dnsmessage
crypto/internal/fips140/ed25519
internal/singleflight
unique
debug/macho
crypto/internal/fips140/hkdf
hash/adler32
compress/zlib
crypto/hkdf
crypto/hmac
crypto/internal/fips140/mlkem
path/filepath
debug/dwarf
crypto/internal/fips140/tls12
compress/flate
crypto/internal/boring/bbig
crypto/rand
net/netip
crypto/internal/sysrand
encoding/asn1
debug/pe
crypto/ed25519
internal/xcoff
crypto/internal/entropy
math/big
crypto/internal/fips140/drbg
internal/zstd
crypto/internal/fips140/aes/gcm
encoding/json
debug/buildinfo
archive/zip
crypto/internal/fips140/tls13
github.com/sagernet/gomobile/bind/java
vendor/golang.org/x/crypto/cryptobyte
vendor/golang.org/x/crypto/chacha20
compress/gzip
github.com/sagernet/gomobile/bind/java
github.com/sagernet/gomobile/bind/java
github.com/sagernet/gomobile/bind/seq
github.com/sagernet/gomobile/bind/java
github.com/sagernet/gomobile/bind/seq
filippo.io/age/internal/bech32
crypto/internal/fips140/ecdh
github.com/sagernet/gomobile/bind/seq
filippo.io/age/internal/format
crypto/elliptic
github.com/sagernet/gomobile/bind/seq
crypto/internal/fips140only
crypto/ecdh
debug/plan9obj
crypto/internal/fips140/ecdsa
golang.org/x/crypto/chacha20
crypto/cipher
runtime/debug
net
golang.org/x/crypto/internal/poly1305
vendor/golang.org/x/crypto/internal/poly1305
net/url
crypto/md5
crypto/ecdsa
crypto/internal/boring
golang.org/x/crypto/chacha20poly1305
debug/elf
vendor/golang.org/x/crypto/chacha20poly1305
filippo.io/age/internal/stream
crypto/sha256
crypto/rc4
crypto/internal/hpke
crypto/internal/fips140/rsa
crypto/aes
crypto/mlkem
crypto/des
filippo.io/hpke/crypto
crypto/sha1
filippo.io/hpke/crypto/ecdh
filippo.io/hpke
crypto/internal/fips140/ecdh
crypto/fips140
debug/macho
crypto/tls/internal/fips140tls
crypto/dsa
crypto/ecdh
crypto/internal/fips140/ecdsa
crypto/rsa
encoding/hex
debug/pe
crypto/x509/pkix
encoding/base64
golang.org/x/crypto/curve25519
internal/xcoff
golang.org/x/crypto/hkdf
vendor/golang.org/x/net/dns/dnsmessage
crypto/sha512
encoding/pem
crypto/internal/fips140/pbkdf2
crypto/pbkdf2
crypto/internal/fips140/ed25519
encoding/json
crypto/rand
golang.org/x/crypto/pbkdf2
internal/singleflight
crypto/elliptic
regexp/syntax
github.com/mdlayher/netlink/nlenc
unique
crypto/internal/boring/bbig
encoding/asn1
golang.org/x/net/bpf
golang.org/x/crypto/scrypt
hash/adler32
crypto/hkdf
compress/zlib
crypto/ed25519
golang.org/x/sync/errgroup
crypto/hmac
filippo.io/age/internal/bech32
debug/dwarf
golang.org/x/sys/unix
debug/buildinfo
filippo.io/age/internal/format
internal/zstd
crypto/internal/fips140/mlkem
net/netip
log
vendor/golang.org/x/crypto/chacha20
golang.org/x/crypto/chacha20
golang.org/x/crypto/internal/poly1305
golang.org/x/sys/cpu
debug/plan9obj
encoding/base32
crypto/md5
crypto/mlkem
crypto/rc4
vendor/golang.org/x/crypto/chacha20poly1305
golang.org/x/crypto/chacha20poly1305
filippo.io/hpke/crypto
runtime/debug
crypto/internal/fips140/rsa
encoding/json
vendor/golang.org/x/text/transform
vendor/golang.org/x/crypto/cryptobyte
filippo.io/hpke/crypto/ecdh
crypto/internal/hpke
golang.org/x/crypto/curve25519
regexp
crypto/sha1
golang.org/x/crypto/hkdf
vendor/golang.org/x/text/unicode/bidi
crypto/internal/fips140/pbkdf2
filippo.io/age/internal/stream
filippo.io/hpke
filippo.io/age/internal/bech32
crypto/dsa
encoding/hex
filippo.io/age/internal/format
internal/singleflight
crypto/x509/pkix
crypto/pbkdf2
crypto/ecdsa
unique
crypto/rsa
golang.org/x/crypto/pbkdf2
golang.org/x/crypto/chacha20
golang.org/x/crypto/scrypt
hash/adler32
regexp/syntax
net
net/url
debug/dwarf
github.com/mdlayher/netlink/nlenc
vendor/golang.org/x/text/secure/bidirule
compress/zlib
filippo.io/age
golang.org/x/net/bpf
golang.org/x/sync/errgroup
vendor/golang.org/x/text/unicode/norm
golang.org/x/sys/unix
internal/zstd
debug/elf
net/netip
log
debug/macho
vendor/golang.org/x/net/http2/hpack
encoding/base32
regexp
mime
debug/pe
debug/plan9obj
vendor/golang.org/x/text/transform
internal/xcoff
debug/elf
vendor/golang.org/x/text/unicode/bidi
debug/macho
debug/pe
golang.org/x/crypto/internal/poly1305
crypto/mlkem
filippo.io/hpke/crypto
golang.org/x/crypto/chacha20poly1305
debug/buildinfo
filippo.io/hpke/crypto/ecdh
net
golang.org/x/crypto/curve25519
filippo.io/age/internal/stream
vendor/golang.org/x/net/idna
filippo.io/hpke
filippo.io/age
mime/quotedprintable
net/url
golang.org/x/crypto/hkdf
net/http/internal
internal/xcoff
crypto/internal/fips140/pbkdf2
runtime/debug
net/http/internal/ascii
regexp/syntax
github.com/sagernet/sing-tun/gtcpip/checksum
crypto/pbkdf2
vendor/golang.org/x/text/secure/bidirule
golang.org/x/crypto/pbkdf2
github.com/google/btree
github.com/mdlayher/netlink/nlenc
vendor/golang.org/x/text/unicode/norm
golang.org/x/net/bpf
golang.org/x/crypto/scrypt
encoding/json
golang.org/x/sync/errgroup
vendor/golang.org/x/net/http2/hpack
debug/buildinfo
github.com/mdlayher/socket
golang.org/x/sys/unix
filippo.io/age/internal/bech32
log
crypto/x509
golang.org/x/net/internal/socket
net/textproto
filippo.io/age/internal/format
golang.org/x/crypto/chacha20
mime
golang.org/x/crypto/internal/poly1305
encoding/base32
crypto/mlkem
vendor/golang.org/x/net/http/httpguts
regexp
vendor/golang.org/x/net/http/httpproxy
golang.org/x/crypto/chacha20poly1305
filippo.io/hpke/crypto
vendor/golang.org/x/text/transform
github.com/mdlayher/netlink
vendor/golang.org/x/net/idna
filippo.io/hpke/crypto/ecdh
mime/multipart
golang.org/x/net/ipv4
golang.org/x/crypto/curve25519
filippo.io/age/internal/stream
filippo.io/hpke
vendor/golang.org/x/text/unicode/bidi
golang.org/x/crypto/hkdf
golang.org/x/net/ipv6
crypto/internal/fips140/pbkdf2
mime/quotedprintable
crypto/pbkdf2
filippo.io/age
golang.org/x/crypto/pbkdf2
net/http/internal
github.com/sagernet/sing-tun/gtcpip
regexp/syntax
net/http/internal/ascii
golang.org/x/crypto/scrypt
github.com/sagernet/sing-tun/internal/tschecksum
github.com/mdlayher/socket
github.com/google/btree
vendor/golang.org/x/text/secure/bidirule
github.com/mdlayher/netlink/nlenc
vendor/golang.org/x/text/unicode/norm
github.com/sagernet/sing/common
golang.org/x/net/bpf
github.com/sagernet/sing-tun/gtcpip/header
golang.org/x/sync/errgroup
github.com/sagernet/sing-tun/gtcpip/checksum
github.com/sagernet/sing/common/binary
vendor/golang.org/x/net/http2/hpack
github.com/sagernet/sing/common/binary
github.com/sagernet/sing/common/format
golang.org/x/sys/unix
log
github.com/sagernet/sing/common/x/list
github.com/logrusorgru/aurora
github.com/logrusorgru/aurora
mime
crypto/tls
regexp
github.com/sagernet/sing/common/json/internal/contextjson
encoding/base32
vendor/golang.org/x/text/transform
github.com/sagernet/sing/common/json/internal/contextjson
vendor/golang.org/x/text/unicode/bidi
github.com/sagernet/sing/common/json/badoption/internal/my_time
github.com/sagernet/sing/common/logger
github.com/sagernet/sing/common/observable
mime/quotedprintable
container/heap
encoding/xml
github.com/florianl/go-nfqueue/v2/internal/unix
net/http/internal
filippo.io/age
github.com/sagernet/sing/common/x/linkedhashmap
github.com/fsnotify/fsnotify/internal
github.com/sagernet/sing/common/json/badoption/internal/my_time
net/http/internal/ascii
vendor/golang.org/x/net/idna
github.com/sagernet/sing/common/auth
github.com/sagernet/sing-tun/gtcpip/checksum
github.com/fsnotify/fsnotify
github.com/sagernet/sing/service
crypto/x509
go4.org/netipx
github.com/sagernet/sing/common/logger
github.com/google/btree
vendor/golang.org/x/text/unicode/norm
github.com/sagernet/sing/common/observable
container/heap
vendor/golang.org/x/text/secure/bidirule
encoding/xml
vendor/golang.org/x/net/http2/hpack
github.com/mdlayher/socket
github.com/mdlayher/netlink
github.com/sagernet/sing/common/binary
github.com/florianl/go-nfqueue/v2/internal/unix
github.com/logrusorgru/aurora
github.com/florianl/go-nfqueue/v2
mime
github.com/fsnotify/fsnotify/internal
github.com/sagernet/sing/common/json/internal/contextjson
golang.org/x/net/internal/socket
github.com/fsnotify/fsnotify
github.com/sagernet/sing/common/json/badoption/internal/my_time
net/textproto
github.com/sagernet/sing/common/logger
vendor/golang.org/x/net/idna
github.com/sagernet/sing/common/observable
container/heap
encoding/xml
vendor/golang.org/x/net/http/httpproxy
mime/quotedprintable
github.com/florianl/go-nfqueue/v2/internal/unix
github.com/sagernet/gvisor/pkg/state/wire
github.com/sagernet/gvisor/pkg/sync
github.com/mdlayher/socket
github.com/fsnotify/fsnotify/internal
golang.org/x/time/rate
net/http/internal
vendor/golang.org/x/net/http/httpguts
mime/multipart
github.com/sagernet/sing-tun/gtcpip
github.com/sagernet/gvisor/pkg/tcpip/checksum
golang.org/x/net/ipv4
github.com/fsnotify/fsnotify
net/http/internal/ascii
github.com/sagernet/gvisor/pkg/state
github.com/sagernet/sing-tun/gtcpip/checksum
github.com/sagernet/gvisor/pkg/rawfile
golang.org/x/net/ipv6
github.com/google/btree
crypto/tls
github.com/sagernet/gvisor/pkg/tcpip/hash/jenkins
github.com/sagernet/gvisor/pkg/linewriter
github.com/sagernet/gvisor/pkg/rand
github.com/sagernet/sing-tun/gtcpip/header
github.com/sagernet/gvisor/pkg/log
github.com/sagernet/sing/common/binary
github.com/sagernet/gvisor/pkg/state/wire
github.com/sagernet/gvisor/pkg/sync/locking
github.com/logrusorgru/aurora
github.com/sagernet/sing/common/json/internal/contextjson
github.com/sagernet/gvisor/pkg/state
github.com/vishvananda/netns
io/ioutil
github.com/sagernet/sing/common
go4.org/netipx
github.com/mdlayher/netlink/nltest
github.com/sagernet/netlink/nl
github.com/sagernet/sing/common/format
crypto/x509
github.com/mdlayher/netlink
github.com/sagernet/nftables/binaryutil
github.com/sagernet/sing/common/x/list
github.com/sagernet/nftables/internal/parseexprfunc
github.com/sagernet/sing/common/json/badoption/internal/my_time
github.com/sagernet/sing/common/x/linkedhashmap
github.com/sagernet/nftables/alignedbuff
github.com/sagernet/sing/common/auth
github.com/sagernet/nftables/xt
github.com/sagernet/sing/common/logger
github.com/sagernet/sing/service
github.com/sagernet/sing/common/observable
github.com/florianl/go-nfqueue/v2
container/heap
encoding/xml
golang.org/x/net/internal/socket
github.com/sagernet/gvisor/pkg/state/wire
github.com/florianl/go-nfqueue/v2/internal/unix
github.com/sagernet/gvisor/pkg/atomicbitops
github.com/sagernet/gvisor/pkg/state
github.com/fsnotify/fsnotify/internal
github.com/sagernet/gvisor/pkg/waiter
github.com/sagernet/gvisor/pkg/sync
github.com/sagernet/gvisor/pkg/sleep
github.com/sagernet/gvisor/pkg/tcpip/link/stopfd
golang.org/x/time/rate
golang.org/x/net/ipv4
github.com/fsnotify/fsnotify
github.com/sagernet/gvisor/pkg/context
github.com/sagernet/gvisor/pkg/tcpip/checksum
github.com/sagernet/netlink
golang.org/x/net/ipv6
github.com/sagernet/nftables/expr
github.com/sagernet/gvisor/pkg/rawfile
github.com/miekg/dns
net/textproto
net/http/httptrace
github.com/sagernet/gvisor/pkg/sync
github.com/sagernet/gvisor/pkg/linewriter
github.com/sagernet/gvisor/pkg/rand
net/http/internal/httpcommon
github.com/sagernet/gvisor/pkg/log
vendor/golang.org/x/net/http/httpguts
vendor/golang.org/x/net/http/httpproxy
github.com/sagernet/gvisor/pkg/sync/locking
net/http
crypto/x509
github.com/sagernet/gvisor/pkg/tcpip/hash/jenkins
github.com/vishvananda/netns
mime/multipart
github.com/sagernet/sing-tun/gtcpip
io/ioutil
github.com/sagernet/sing/common
github.com/mdlayher/netlink
golang.org/x/net/internal/socket
github.com/sagernet/netlink/nl
github.com/sagernet/sing/common/format
github.com/sagernet/gvisor/pkg/refs
github.com/mdlayher/netlink/nltest
github.com/sagernet/sing-tun/gtcpip/header
github.com/sagernet/sing/common/x/list
net/textproto
github.com/sagernet/sing/common/x/linkedhashmap
github.com/sagernet/gvisor/pkg/buffer
github.com/sagernet/gvisor/pkg/atomicbitops
github.com/sagernet/gvisor/pkg/waiter
crypto/tls
github.com/sagernet/sing/common/auth
github.com/sagernet/sing/service
go4.org/netipx
github.com/florianl/go-nfqueue/v2
golang.org/x/net/ipv4
golang.org/x/net/ipv6
github.com/sagernet/gvisor/pkg/sleep
github.com/sagernet/gvisor/pkg/context
github.com/sagernet/gvisor/pkg/tcpip/link/stopfd
github.com/sagernet/gvisor/pkg/tcpip
vendor/golang.org/x/net/http/httpguts
github.com/sagernet/netlink
github.com/sagernet/gvisor/pkg/sync
github.com/sagernet/gvisor/pkg/refs
vendor/golang.org/x/net/http/httpproxy
github.com/sagernet/nftables/binaryutil
golang.org/x/time/rate
github.com/sagernet/nftables/internal/parseexprfunc
mime/multipart
github.com/sagernet/nftables/alignedbuff
github.com/sagernet/gvisor/pkg/buffer
github.com/sagernet/nftables/xt
github.com/sagernet/gvisor/pkg/tcpip/checksum
github.com/sagernet/gvisor/pkg/rawfile
github.com/sagernet/gvisor/pkg/atomicbitops
github.com/sagernet/sing-tun/gtcpip
github.com/sagernet/sing/common
github.com/sagernet/nftables/expr
github.com/sagernet/gvisor/pkg/linewriter
github.com/sagernet/gvisor/pkg/log
go4.org/netipx
github.com/sagernet/gvisor/pkg/waiter
github.com/sagernet/gvisor/pkg/tcpip
github.com/sagernet/sing/common/format
github.com/sagernet/sing-tun/gtcpip/header
github.com/miekg/dns
github.com/sagernet/sing/common/x/list
github.com/sagernet/sing/common/x/linkedhashmap
github.com/sagernet/gvisor/pkg/rand
github.com/sagernet/gvisor/pkg/sync/locking
github.com/sagernet/gvisor/pkg/context
crypto/tls
github.com/sagernet/gvisor/pkg/tcpip/hash/jenkins
github.com/sagernet/gvisor/pkg/sleep
github.com/sagernet/sing/common/auth
github.com/sagernet/sing/service
github.com/sagernet/gvisor/pkg/tcpip/link/stopfd
github.com/florianl/go-nfqueue/v2
github.com/sagernet/gvisor/pkg/linewriter
github.com/sagernet/gvisor/pkg/refs
github.com/vishvananda/netns
net/http/httptrace
golang.org/x/time/rate
io/ioutil
net/http/internal/httpcommon
github.com/sagernet/gvisor/pkg/buffer
github.com/sagernet/gvisor/pkg/log
github.com/mdlayher/netlink/nltest
github.com/sagernet/netlink/nl
github.com/sagernet/gvisor/pkg/state/wire
github.com/sagernet/gvisor/pkg/tcpip/header
net/http
github.com/sagernet/nftables/binaryutil
github.com/sagernet/gvisor/pkg/state
github.com/sagernet/nftables/internal/parseexprfunc
golang.org/x/sys/cpu
github.com/sagernet/nftables/alignedbuff
github.com/sagernet/gvisor/pkg/tcpip
github.com/sagernet/nftables/xt
github.com/sagernet/gvisor/pkg/tcpip/checksum
github.com/sagernet/gvisor/pkg/rawfile
github.com/sagernet/gvisor/pkg/rand
github.com/sagernet/nftables/expr
github.com/sagernet/netlink
github.com/sagernet/gvisor/pkg/sync/locking
github.com/sagernet/gvisor/pkg/tcpip/hash/jenkins
github.com/vishvananda/netns
github.com/sagernet/gvisor/pkg/tcpip/header
io/ioutil
github.com/sagernet/netlink/nl
github.com/mdlayher/netlink/nltest
github.com/sagernet/nftables/userdata
github.com/sagernet/nftables
github.com/sagernet/nftables/binaryutil
github.com/sagernet/nftables/internal/parseexprfunc
github.com/sagernet/nftables/alignedbuff
github.com/sagernet/gvisor/pkg/cpuid
github.com/sagernet/gvisor/pkg/waiter
github.com/sagernet/gvisor/pkg/tcpip/ports
github.com/sagernet/gvisor/pkg/context
github.com/sagernet/gvisor/pkg/atomicbitops
github.com/sagernet/gvisor/pkg/tcpip/transport/tcpconntrack
github.com/sagernet/gvisor/pkg/sleep
github.com/sagernet/gvisor/pkg/tcpip/header
github.com/sagernet/gvisor/pkg/tcpip/link/stopfd
github.com/sagernet/gvisor/pkg/tcpip/stack
github.com/sagernet/gvisor/pkg/tcpip/internal/tcp
github.com/sagernet/gvisor/pkg/tcpip/internal/tcp
github.com/sagernet/gvisor/pkg/tcpip/transport
github.com/sagernet/gvisor/pkg/tcpip/transport
github.com/sagernet/gvisor/pkg/tcpip/network/hash
github.com/sagernet/netlink
github.com/sagernet/gvisor/pkg/refs
github.com/sagernet/sing/common/memory
github.com/sagernet/nftables/xt
github.com/sagernet/nftables/userdata
net/http/httptrace
github.com/miekg/dns
github.com/sagernet/nftables
net/http/internal/httpcommon
github.com/sagernet/gvisor/pkg/buffer
github.com/sagernet/nftables/expr
net/http
github.com/sagernet/gvisor/pkg/tcpip/ports
github.com/sagernet/sing/common/memory
github.com/sagernet/gvisor/pkg/tcpip
github.com/sagernet/sing/common/ranges
os/exec
github.com/sagernet/gvisor/pkg/tcpip/transport/tcpconntrack
github.com/sagernet/sing/contrab/freelru
github.com/sagernet/gvisor/pkg/tcpip/stack
github.com/sagernet/nftables/userdata
github.com/sagernet/sing/contrab/maphash
github.com/sagernet/nftables
github.com/sagernet/sing-box/common/taskmonitor
github.com/sagernet/sing-box/common/jni
github.com/database64128/netx-go
github.com/database64128/tfo-go/v2
github.com/sagernet/gvisor/pkg/tcpip/ports
github.com/miekg/dns
github.com/sagernet/gvisor/pkg/tcpip/transport/tcpconntrack
github.com/sagernet/gvisor/pkg/tcpip/internal/tcp
github.com/sagernet/gvisor/pkg/tcpip/transport
github.com/sagernet/gvisor/pkg/tcpip/network/hash
github.com/go-chi/chi/v5
github.com/sagernet/gvisor/pkg/tcpip/stack
github.com/sagernet/nftables/userdata
github.com/sagernet/sing/common/exceptions
github.com/sagernet/nftables
os/user
github.com/sagernet/sing/common/buf
github.com/godbus/dbus/v5
github.com/sagernet/sing/common/task
net/http/httptrace
github.com/sagernet/sing/common/metadata
github.com/sagernet/sing/common/json
github.com/sagernet/gvisor/pkg/tcpip/header
net/http/internal/httpcommon
github.com/sagernet/sing/common/byteformats
github.com/sagernet/sing/common/network
net/http
github.com/sagernet/sing/common/json/badjson
github.com/sagernet/sing/common/memory
github.com/sagernet/sing/common/ranges
os/exec
github.com/sagernet/sing/contrab/freelru
github.com/sagernet/sing/common/json/badoption
github.com/sagernet/sing/common/control
github.com/sagernet/sing/contrab/maphash
github.com/sagernet/sing-box/common/taskmonitor
github.com/sagernet/sing-box/common/jni
github.com/sagernet/sing-box/schema
github.com/database64128/netx-go
github.com/database64128/tfo-go/v2
github.com/sagernet/sing/common/bufio
github.com/sagernet/gvisor/pkg/tcpip/network/hash
github.com/sagernet/sing/common/ranges
os/exec
os/user
github.com/sagernet/fswatch
github.com/sagernet/gvisor/pkg/tcpip/header/parse
github.com/godbus/dbus/v5
github.com/sagernet/gvisor/pkg/tcpip/transport/internal/network
github.com/sagernet/sing/contrab/freelru
github.com/sagernet/sing/contrab/maphash
github.com/sagernet/gvisor/pkg/tcpip/transport/internal/noop
github.com/sagernet/sing-box/common/taskmonitor
github.com/sagernet/gvisor/pkg/tcpip/ports
github.com/sagernet/gvisor/pkg/tcpip/transport/packet
github.com/sagernet/sing-box/common/jni
golang.org/x/mod/semver
github.com/sagernet/gvisor/pkg/tcpip/link/channel
golang.org/x/text/internal/tag
github.com/go-chi/chi/v5
github.com/sagernet/sing/common/exceptions
github.com/sagernet/gvisor/pkg/tcpip/stack/gro
github.com/sagernet/gvisor/pkg/tcpip/transport/tcpconntrack
github.com/sagernet/sing/common/buf
github.com/sagernet/gvisor/pkg/tcpip/stack
github.com/sagernet/gvisor/pkg/tcpip/transport/raw
github.com/sagernet/gvisor/pkg/tcpip/network/internal/fragmentation
github.com/sagernet/sing/common/task
github.com/sagernet/sing/common/json
github.com/sagernet/sing/common/metadata
github.com/sagernet/gvisor/pkg/tcpip/link/fdbased
github.com/sagernet/sing/common/byteformats
github.com/sagernet/gvisor/pkg/tcpip/transport/tcp
github.com/sagernet/gvisor/pkg/tcpip/transport/udp
github.com/sagernet/sing-box/common/tlsspoof
github.com/sagernet/sing/common/json/badjson
github.com/sagernet/sing/common/json/badoption
github.com/sagernet/sing/common/network
github.com/database64128/netx-go
github.com/sagernet/gvisor/pkg/tcpip/internal/tcp
github.com/sagernet/fswatch
github.com/database64128/tfo-go/v2
github.com/sagernet/gvisor/pkg/tcpip/transport
github.com/sagernet/sing/common/varbin
github.com/sagernet/gvisor/pkg/tcpip/network/hash
github.com/sagernet/gvisor/pkg/tcpip/header/parse
os/user
github.com/sagernet/sing/common/memory
github.com/sagernet/gvisor/pkg/tcpip/header/parse
github.com/sagernet/sing/common/uot
github.com/sagernet/gvisor/pkg/tcpip/transport/internal/network
github.com/sagernet/sing/common/ranges
github.com/sagernet/gvisor/pkg/tcpip/network/internal/ip
github.com/sagernet/gvisor/pkg/tcpip/transport/internal/network
os/exec
github.com/sagernet/sing-box/schema
github.com/sagernet/gvisor/pkg/tcpip/transport/internal/noop
github.com/sagernet/sing/common/rw
github.com/sagernet/sing/common/control
github.com/sagernet/gvisor/pkg/tcpip/transport/packet
github.com/sagernet/sing/common/domain
github.com/sagernet/sing-box/constant
github.com/sagernet/gvisor/pkg/tcpip/link/channel
github.com/sagernet/sing/contrab/freelru
github.com/sagernet/sing/service/filemanager
github.com/sagernet/gvisor/pkg/tcpip/transport/internal/noop
github.com/sagernet/gvisor/pkg/tcpip/stack/gro
github.com/sagernet/sing-box/option
github.com/sagernet/gvisor/pkg/tcpip/transport/packet
github.com/sagernet/sing/contrab/maphash
github.com/sagernet/gvisor/pkg/tcpip/network/internal/multicast
github.com/sagernet/gvisor/pkg/tcpip/transport/icmp
github.com/sagernet/sing-box/common/taskmonitor
github.com/sagernet/sing/common/bufio
github.com/sagernet/gvisor/pkg/tcpip/link/channel
github.com/sagernet/sing-box/common/jni
github.com/sagernet/gvisor/pkg/tcpip/network/internal/fragmentation
github.com/go-chi/chi/v5
github.com/sagernet/gvisor/pkg/tcpip/stack/gro
github.com/sagernet/sing/common/exceptions
github.com/sagernet/gvisor/pkg/tcpip/network/ipv4
github.com/sagernet/gvisor/pkg/tcpip/transport/raw
github.com/sagernet/gvisor/pkg/tcpip/transport/raw
github.com/sagernet/sing/common/buf
github.com/sagernet/gvisor/pkg/tcpip/network/internal/fragmentation
github.com/sagernet/sing/common/task
github.com/sagernet/sing/common/json
github.com/sagernet/fswatch
github.com/sagernet/gvisor/pkg/tcpip/network/ipv6
github.com/database64128/netx-go
github.com/sagernet/sing/common/metadata
github.com/sagernet/gvisor/pkg/tcpip/link/fdbased
github.com/sagernet/gvisor/pkg/tcpip/link/fdbased
github.com/sagernet/sing/common/byteformats
github.com/database64128/tfo-go/v2
github.com/sagernet/sing/common/json/badjson
github.com/sagernet/sing/common/json/badoption
github.com/sagernet/gvisor/pkg/tcpip/network/internal/ip
github.com/sagernet/gvisor/pkg/tcpip/transport/tcp
github.com/sagernet/gvisor/pkg/tcpip/transport/tcp
github.com/sagernet/sing/common/network
os/user
github.com/godbus/dbus/v5
github.com/sagernet/sing-box/schema
golang.org/x/mod/semver
github.com/sagernet/gvisor/pkg/tcpip/transport/udp
github.com/sagernet/sing/common/abx
golang.org/x/text/internal/tag
github.com/sagernet/gvisor/pkg/tcpip/transport/udp
github.com/sagernet/gvisor/pkg/tcpip/network/internal/multicast
golang.org/x/text/internal/language
github.com/sagernet/sing/common/canceler
github.com/sagernet/sing/common/control
github.com/sagernet/sing/common/pipe
github.com/sagernet/gvisor/pkg/tcpip/network/ipv4
github.com/sagernet/sing-box/common/tlsspoof
github.com/sagernet/sing/common/shell
github.com/sagernet/sing-usbip
github.com/sagernet/sing/common/bufio
github.com/sagernet/gvisor/pkg/tcpip/network/internal/ip
github.com/sagernet/sing/common/varbin
github.com/sagernet/gvisor/pkg/tcpip/network/internal/multicast
github.com/sagernet/gvisor/pkg/tcpip/adapters/gonet
github.com/sagernet/sing/common/uot
github.com/sagernet/sing-box/common/redir
golang.org/x/text/internal/language/compact
github.com/sagernet/gvisor/pkg/tcpip/transport/icmp
github.com/sagernet/gvisor/pkg/tcpip/header/parse
golang.org/x/mod/semver
github.com/sagernet/gvisor/pkg/tcpip/network/ipv6
github.com/sagernet/sing/common/rw
github.com/sagernet/gvisor/pkg/tcpip/network/ipv4
github.com/sagernet/gvisor/pkg/tcpip/transport/internal/network
github.com/sagernet/sing-tun
github.com/sagernet/sing-box/constant
github.com/sagernet/sing-box/common/badversion
github.com/sagernet/gvisor/pkg/tcpip/transport/internal/noop
github.com/go-chi/chi/v5
github.com/sagernet/sing/common/domain
golang.org/x/text/internal/tag
golang.org/x/text/internal/language
github.com/sagernet/sing-box/option
github.com/sagernet/sing/common/exceptions
github.com/sagernet/gvisor/pkg/tcpip/network/ipv6
github.com/sagernet/gvisor/pkg/tcpip/transport/packet
github.com/sagernet/sing/common/buf
github.com/sagernet/sing/common/task
github.com/sagernet/sing/common/json
github.com/sagernet/sing/service/filemanager
github.com/sagernet/fswatch
golang.org/x/text/internal/language/compact
github.com/sagernet/sing/common/metadata
github.com/sagernet/sing/common/byteformats
github.com/sagernet/gvisor/pkg/tcpip/transport/icmp
github.com/sagernet/sing/common/json/badjson
golang.org/x/text/language
github.com/sagernet/sing/common/json/badoption
github.com/sagernet/gvisor/pkg/tcpip/transport/raw
github.com/sagernet/sing/common/network
github.com/sagernet/gvisor/pkg/tcpip/link/channel
text/tabwriter
github.com/sagernet/sing-box/common/tlsspoof
github.com/sagernet/sing/common/varbin
runtime/pprof
github.com/sagernet/sing/common/abx
github.com/sagernet/sing-box/experimental/locale
github.com/sagernet/sing-box/schema
github.com/sagernet/sing/common/uot
github.com/sagernet/sing/common/canceler
github.com/sagernet/sing-box/experimental/deprecated
github.com/sagernet/gvisor/pkg/tcpip/stack/gro
github.com/sagernet/quic-go/quicvarint
github.com/sagernet/gvisor/pkg/tcpip/adapters/gonet
github.com/sagernet/gvisor/pkg/tcpip/transport/tcp
github.com/sagernet/sing/common/abx
github.com/sagernet/sing/common/control
github.com/sagernet/quic-go/internal/protocol
github.com/sagernet/sing/common/pipe
github.com/sagernet/sing/common/rw
github.com/sagernet/sing/common/domain
github.com/sagernet/quic-go/internal/monotime
github.com/sagernet/sing/common/shell
github.com/sagernet/sing-box/constant
github.com/sagernet/quic-go/monotime
github.com/sagernet/quic-go/congestion
github.com/sagernet/sing-box/log
github.com/sagernet/sing/service/filemanager
github.com/sagernet/quic-go/internal/utils
github.com/sagernet/sing-usbip
github.com/sagernet/sing/common/canceler
github.com/sagernet/sing-box/common/redir
github.com/sagernet/gvisor/pkg/tcpip/transport/udp
github.com/sagernet/sing-box/option
github.com/sagernet/gvisor/pkg/tcpip/adapters/gonet
github.com/sagernet/quic-go/internal/qerr
github.com/sagernet/sing/common/pipe
github.com/sagernet/sing-box/common/badversion
github.com/sagernet/sing/common/bufio
github.com/sagernet/sing/common/shell
github.com/sagernet/quic-go/internal/wire
golang.org/x/text/internal/language
github.com/sagernet/sing-box/common/redir
github.com/sagernet/gvisor/pkg/tcpip/link/fdbased
github.com/sagernet/sing-usbip
github.com/sagernet/sing-box/service/powerreport
github.com/sagernet/sing-tun
github.com/sagernet/quic-go/qlogwriter/jsontext
github.com/godbus/dbus/v5
github.com/sagernet/quic-go/qlogwriter
github.com/sagernet/sing-tun
github.com/andybalholm/brotli/matchfinder
github.com/klauspost/compress/fse
github.com/andybalholm/brotli
github.com/sagernet/gvisor/pkg/tcpip/network/internal/fragmentation
github.com/sagernet/quic-go/qlog
golang.org/x/text/internal/language/compact
github.com/sagernet/gvisor/pkg/tcpip/network/internal/ip
github.com/klauspost/compress/internal/le
golang.org/x/text/language
github.com/klauspost/compress/huff0
github.com/sagernet/gvisor/pkg/tcpip/network/internal/multicast
github.com/sagernet/sing-box/experimental/locale
github.com/sagernet/gvisor/pkg/tcpip/transport/icmp
github.com/sagernet/sing-box/common/tlsspoof
github.com/sagernet/sing-box/experimental/deprecated
github.com/klauspost/compress/internal/snapref
github.com/sagernet/quic-go/internal/congestion
github.com/sagernet/sing/common/varbin
text/tabwriter
github.com/klauspost/compress/zstd/internal/xxhash
github.com/sagernet/quic-go/internal/ackhandler
runtime/pprof
github.com/sagernet/sing/common/uot
github.com/klauspost/compress/zstd
github.com/sagernet/sing/common/rw
github.com/sagernet/quic-go/quicvarint
github.com/sagernet/quic-go/internal/protocol
github.com/sagernet/sing-box/constant
golang.org/x/mod/semver
github.com/sagernet/sing/common/domain
github.com/sagernet/sing/service/filemanager
github.com/sagernet/quic-go/internal/monotime
github.com/sagernet/quic-go/monotime
github.com/sagernet/sing-box/common/badversion
github.com/sagernet/gvisor/pkg/tcpip/network/ipv4
github.com/sagernet/quic-go/congestion
golang.org/x/text/internal/tag
text/tabwriter
github.com/sagernet/gvisor/pkg/tcpip/network/ipv6
github.com/sagernet/quic-go/internal/utils
github.com/sagernet/sing-box/option
golang.org/x/text/internal/language
github.com/metacubex/utls/internal/boring
runtime/pprof
golang.org/x/crypto/cryptobyte
github.com/sagernet/quic-go/internal/qerr
github.com/sagernet/quic-go/internal/wire
github.com/sagernet/sing-box/service/powerreport
github.com/metacubex/utls/internal/helper
github.com/metacubex/utls/internal/hkdf
github.com/metacubex/utls/internal/hpke
golang.org/x/text/internal/language/compact
golang.org/x/sys/cpu
github.com/sagernet/quic-go/qlogwriter/jsontext
github.com/sagernet/quic-go/qlogwriter
golang.org/x/crypto/sha3
github.com/sagernet/sing-box/log
golang.org/x/text/language
github.com/sagernet/gvisor/pkg/tcpip/adapters/gonet
github.com/andybalholm/brotli/matchfinder
github.com/sagernet/quic-go/qlog
github.com/metacubex/utls/internal/mlkem
github.com/andybalholm/brotli
github.com/sagernet/sing-box/service/powerreport
github.com/sagernet/sing/common/abx
github.com/klauspost/compress/fse
github.com/metacubex/utls/internal/quicvarint/protocol
github.com/sagernet/sing/common/canceler
github.com/metacubex/utls/internal/quicvarint
github.com/sagernet/sing-box/experimental/locale
github.com/sagernet/sing/common/pipe
github.com/metacubex/utls/internal/ratelimit
github.com/sagernet/quic-go/quicvarint
github.com/sagernet/sing-box/experimental/deprecated
github.com/sagernet/sing/common/shell
github.com/metacubex/utls/internal/tls12
github.com/sagernet/sing-box/common/redir
github.com/sagernet/quic-go/internal/congestion
github.com/metacubex/utls/internal/tls13
github.com/sagernet/quic-go/internal/protocol
github.com/sagernet/quic-go/internal/monotime
github.com/sagernet/sing-usbip
github.com/sagernet/quic-go/internal/utils/linkedlist
github.com/klauspost/compress/huff0
github.com/sagernet/quic-go/internal/utils/tree
github.com/sagernet/quic-go/monotime
github.com/sagernet/quic-go/qlogwriter/jsontext
github.com/sagernet/quic-go/internal/ackhandler
golang.org/x/net/http2/hpack
github.com/sagernet/quic-go/congestion
github.com/sagernet/quic-go/internal/utils
github.com/sagernet/sing-box/common/badversion
github.com/sagernet/quic-go/internal/qerr
golang.org/x/text/language
github.com/sagernet/quic-go/qlogwriter
github.com/sagernet/quic-go/internal/wire
golang.org/x/text/transform
github.com/sagernet/sing-box/adapter
github.com/quic-go/qpack
github.com/andybalholm/brotli/matchfinder
golang.org/x/text/unicode/bidi
golang.org/x/text/unicode/norm
github.com/sagernet/sing-tun
github.com/klauspost/compress/internal/snapref
github.com/andybalholm/brotli
github.com/klauspost/compress/zstd/internal/xxhash
github.com/sagernet/sing-box/experimental/locale
github.com/klauspost/compress/zstd
github.com/metacubex/utls/internal/boring
github.com/sagernet/sing-box/experimental/deprecated
golang.org/x/text/secure/bidirule
golang.org/x/crypto/cryptobyte
log/slog/internal/buffer
log/slog
text/tabwriter
github.com/sagernet/quic-go/qlog
github.com/sagernet/sing-box/log
runtime/pprof
github.com/metacubex/utls/internal/helper
github.com/metacubex/utls/internal/hkdf
github.com/metacubex/utls/internal/hpke
golang.org/x/crypto/sha3
github.com/klauspost/compress/fse
github.com/metacubex/utls/internal/mlkem
golang.org/x/net/idna
github.com/klauspost/compress/internal/le
github.com/sagernet/quic-go/internal/congestion
github.com/sagernet/sing/common/tls
github.com/klauspost/compress/huff0
github.com/sagernet/sing-box/adapter/certificate
github.com/metacubex/utls/internal/quicvarint/protocol
github.com/sagernet/sing-box/adapter/endpoint
github.com/metacubex/utls/internal/quicvarint
github.com/sagernet/quic-go/internal/ackhandler
github.com/metacubex/utls/internal/ratelimit
github.com/metacubex/utls/internal/tls12
github.com/sagernet/sing-box/adapter/inbound
github.com/sagernet/sing-box/service/powerreport
github.com/metacubex/utls/internal/tls13
github.com/sagernet/quic-go/internal/utils/linkedlist
github.com/sagernet/quic-go/internal/utils/tree
github.com/sagernet/sing-box/adapter/outbound
golang.org/x/net/http2/hpack
github.com/sagernet/quic-go/quicvarint
github.com/sagernet/quic-go/internal/protocol
github.com/sagernet/sing-box/adapter/service
github.com/sagernet/quic-go/internal/monotime
github.com/klauspost/compress/internal/snapref
github.com/sagernet/quic-go/internal/utils
github.com/sagernet/quic-go/monotime
github.com/sagernet/sing-box/common/certificate
github.com/quic-go/qpack
github.com/klauspost/compress/zstd/internal/xxhash
github.com/sagernet/quic-go/congestion
github.com/sagernet/quic-go/internal/qerr
github.com/sagernet/sing-box/common/settings
github.com/metacubex/utls/internal/boring
github.com/sagernet/quic-go/qlogwriter/jsontext
golang.org/x/text/transform
golang.org/x/crypto/cryptobyte
github.com/klauspost/compress/zstd
github.com/sagernet/quic-go/internal/wire
github.com/sagernet/quic-go/qlogwriter
golang.org/x/text/unicode/bidi
github.com/andybalholm/brotli/matchfinder
golang.org/x/net/http/httpguts
github.com/sagernet/sing-box/common/listener
github.com/sagernet/sing-box/adapter
github.com/metacubex/utls/internal/helper
embed
github.com/metacubex/utls/internal/hkdf
github.com/metacubex/utls/internal/hpke
github.com/andybalholm/brotli
golang.org/x/text/unicode/norm
net/http/cookiejar
golang.org/x/text/secure/bidirule
golang.org/x/sys/cpu
github.com/sagernet/sing-box/adapter
log/slog/internal/buffer
github.com/metacubex/utls
golang.org/x/crypto/sha3
golang.org/x/net/publicsuffix
log/slog
github.com/sagernet/quic-go/qlog
github.com/sagernet/sing-box/common/tlsfragment
github.com/sagernet/sing-box/log
github.com/metacubex/utls/internal/mlkem
github.com/sagernet/sing-box/common/compatible
github.com/sagernet/sing-box/common/ja3
github.com/metacubex/utls/internal/quicvarint/protocol
github.com/sagernet/sing-box/common/sniff/internal/qtls
github.com/metacubex/utls/internal/quicvarint
github.com/klauspost/compress/fse
github.com/metacubex/utls/internal/ratelimit
github.com/sagernet/sing/protocol/http
github.com/sagernet/sing-box/common/dialer
github.com/metacubex/utls/internal/tls12
github.com/sagernet/sing/common/tls
github.com/metacubex/utls/internal/tls13
github.com/sagernet/sing-box/common/srs
github.com/sagernet/quic-go/internal/congestion
golang.org/x/net/idna
github.com/sagernet/quic-go/internal/utils/linkedlist
github.com/sagernet/quic-go/internal/utils/tree
github.com/sagernet/sing-box/common/sniff
embed
github.com/klauspost/compress/huff0
golang.org/x/net/http2/hpack
net/http/cookiejar
github.com/sagernet/quic-go/internal/ackhandler
github.com/sagernet/sing-box/adapter/certificate
github.com/sagernet/sing-box/adapter/endpoint
golang.org/x/net/publicsuffix
github.com/sagernet/sing-box/experimental/clashmode
github.com/sagernet/sing-box/adapter/inbound
github.com/sagernet/sing-box/common/tlsfragment
github.com/sagernet/sing-box/common/compatible
golang.org/x/net/http/httpguts
github.com/sagernet/sing-box/common/ja3
github.com/klauspost/compress/internal/snapref
github.com/sagernet/sing-box/common/sniff/internal/qtls
github.com/klauspost/compress/zstd/internal/xxhash
github.com/sagernet/sing-box/adapter/outbound
github.com/sagernet/sing/protocol/http
github.com/sagernet/sing/service/pause
github.com/sagernet/sing-box/common/srs
github.com/metacubex/utls/internal/boring
github.com/klauspost/compress/zstd
github.com/sagernet/sing-box/adapter/certificate
golang.org/x/crypto/cryptobyte
hash/fnv
github.com/sagernet/sing-box/adapter/service
github.com/sagernet/sing/common/ntp
github.com/sagernet/sing-box/common/certificate
github.com/sagernet/sing-box/adapter/endpoint
github.com/sagernet/sing-box/adapter/inbound
github.com/sagernet/sing-box/common/settings
flag
github.com/metacubex/utls/internal/helper
github.com/metacubex/utls/internal/hkdf
go.uber.org/multierr
github.com/metacubex/utls/internal/hpke
go.uber.org/zap/internal/pool
go.uber.org/zap/buffer
github.com/quic-go/qpack
github.com/sagernet/sing-box/adapter/outbound
github.com/sagernet/sing-box/common/listener
golang.org/x/crypto/sha3
go.uber.org/zap/internal/bufferpool
github.com/sagernet/sing-box/route/rule
go.uber.org/zap/internal/color
go.uber.org/zap/internal/exit
go.uber.org/zap/internal/stacktrace
go.uber.org/zap/zapcore
golang.org/x/text/transform
github.com/sagernet/sing-box/adapter/service
golang.org/x/net/internal/httpcommon
github.com/sagernet/sing-box/common/certificate
golang.org/x/text/unicode/bidi
github.com/metacubex/utls/internal/mlkem
golang.org/x/net/internal/httpsfv
github.com/sagernet/sing-box/common/settings
github.com/metacubex/utls
golang.org/x/net/http2
github.com/metacubex/utls/internal/quicvarint/protocol
golang.org/x/text/secure/bidirule
github.com/metacubex/utls/internal/quicvarint
golang.org/x/text/unicode/norm
github.com/metacubex/utls/internal/ratelimit
github.com/sagernet/sing-box/common/listener
github.com/sagernet/sing-box/common/sniff
github.com/metacubex/utls/internal/tls12
github.com/metacubex/utls/internal/tls13
go.uber.org/zap/internal
github.com/sagernet/quic-go/internal/utils/linkedlist
go.uber.org/zap
github.com/sagernet/quic-go/internal/utils/tree
log/slog/internal/buffer
golang.org/x/net/http2/hpack
github.com/sagernet/sing-box/common/dialer
github.com/sagernet/sing-box/experimental/clashmode
log/slog
github.com/quic-go/qpack
github.com/sagernet/sing-box/adapter
golang.org/x/text/transform
golang.org/x/net/idna
golang.org/x/text/unicode/bidi
golang.org/x/text/unicode/norm
github.com/sagernet/sing-box/common/dialer
github.com/sagernet/sing/common/tls
github.com/sagernet/sing/service/pause
github.com/metacubex/utls
embed
hash/fnv
net/http/cookiejar
golang.org/x/text/secure/bidirule
github.com/sagernet/sing-box/common/netns
github.com/sagernet/sing/common/ntp
log/slog/internal/buffer
golang.org/x/net/http/httpguts
golang.org/x/net/publicsuffix
log/slog
github.com/sagernet/sing-box/common/compatible
github.com/sagernet/sing-box/common/ja3
github.com/sagernet/sing-box/common/tlsfragment
flag
github.com/sagernet/sing-box/common/sniff/internal/qtls
go.uber.org/multierr
github.com/sagernet/sing/protocol/http
github.com/sagernet/sing-box/common/srs
go.uber.org/zap/internal/pool
golang.org/x/net/idna
database/sql/driver
go.uber.org/zap/buffer
go.uber.org/zap/internal/bufferpool
go.uber.org/zap/internal/color
go.uber.org/zap/internal/exit
go.uber.org/zap/internal/stacktrace
go.uber.org/zap/zapcore
github.com/sagernet/sing-box/common/sniff
database/sql
golang.org/x/net/internal/httpcommon
github.com/sagernet/sing-box/experimental/clashmode
github.com/sagernet/sing-box/adapter/certificate
golang.org/x/net/internal/httpsfv
github.com/sagernet/sing-box/adapter/endpoint
github.com/sagernet/sing/common/cleanup
github.com/sagernet/sing/service/pause
golang.org/x/net/http2
github.com/sagernet/sing-box/common/urltest
github.com/sagernet/sing-box/adapter/inbound
github.com/sagernet/sing-box/adapter/outbound
hash/fnv
github.com/sagernet/sing-box/experimental
github.com/sagernet/sing/common/ntp
github.com/sagernet/bbolt/errors
github.com/sagernet/bbolt/internal/common
flag
github.com/sagernet/sing-box/adapter/service
github.com/sagernet/sing-box/route/rule
github.com/sagernet/sing-box/dns
github.com/sagernet/bbolt/internal/freelist
github.com/gofrs/uuid/v5
go.uber.org/zap/internal
go.uber.org/multierr
go.uber.org/zap
github.com/sagernet/sing-box/common/certificate
github.com/sagernet/sing-box/common/settings
github.com/sagernet/quic-go/internal/handshake
go.uber.org/zap/internal/pool
go.uber.org/zap/buffer
go.uber.org/zap/internal/color
github.com/metacubex/utls
go.uber.org/zap/internal/exit
golang.org/x/net/internal/httpcommon
go.uber.org/zap/internal/bufferpool
github.com/sagernet/sing-box/common/badtls
github.com/sagernet/sing-box/common/trafficcontrol
go.uber.org/zap/zapcore
github.com/sagernet/sing-box/route/rule
golang.org/x/net/http/httpguts
go.uber.org/zap/internal/stacktrace
golang.org/x/net/internal/httpsfv
github.com/sagernet/sing-box/common/listener
github.com/sagernet/sing/common/tls
github.com/sagernet/sing-box/common/ktls
golang.org/x/net/http2
embed
github.com/sagernet/quic-go
net/http/cookiejar
github.com/sagernet/bbolt
golang.org/x/net/publicsuffix
go.uber.org/zap/internal
go.uber.org/zap
github.com/sagernet/sing-box/common/tlsfragment
github.com/sagernet/sing-tun/ping
github.com/sagernet/sing-box/common/netns
github.com/sagernet/sing-box/common/compatible
github.com/sagernet/sing-box/common/ja3
github.com/sagernet/sing-box/common/sniff/internal/qtls
github.com/sagernet/sing/protocol/http
database/sql/driver
github.com/sagernet/sing-box/common/dialer
github.com/sagernet/sing/common/udpnat2
github.com/sagernet/sing-box/common/srs
database/sql
github.com/sagernet/sing-box/common/sniff
github.com/sagernet/sing/common/cleanup
github.com/sagernet/sing-box/common/urltest
github.com/sagernet/sing-box/common/netns
github.com/sagernet/sing-box/experimental/cachefile
github.com/sagernet/sing-box/experimental
github.com/sagernet/sing-box/protocol/direct
github.com/sagernet/bbolt/errors
github.com/sagernet/sing-box/experimental/clashmode
github.com/sagernet/bbolt/internal/common
github.com/sagernet/bbolt/internal/freelist
github.com/jsimonetti/rtnetlink/internal/unix
database/sql/driver
github.com/jsimonetti/rtnetlink
github.com/sagernet/bbolt
github.com/sagernet/quic-go/internal/handshake
github.com/sagernet/sing-box/common/badtls
github.com/sagernet/sing/service/pause
database/sql
hash/fnv
github.com/sagernet/sing-box/common/ktls
github.com/sagernet/sing/common/ntp
github.com/sagernet/sing-box/common/process
flag
github.com/sagernet/quic-go
github.com/sagernet/sing/common/cleanup
github.com/sagernet/sing-box/common/urltest
go.uber.org/multierr
github.com/sagernet/sing-box/route/rule
github.com/sagernet/sing-box/dns
github.com/gofrs/uuid/v5
github.com/sagernet/sing-box/experimental
github.com/sagernet/sing-box/dns
github.com/sagernet/bbolt/errors
go.uber.org/zap/internal/pool
github.com/sagernet/bbolt/internal/common
go.uber.org/zap/buffer
go.uber.org/zap/internal/color
go.uber.org/zap/internal/exit
github.com/hashicorp/yamux
github.com/sagernet/sing-box/common/trafficcontrol
github.com/gofrs/uuid/v5
go.uber.org/zap/internal/bufferpool
golang.org/x/net/internal/httpcommon
github.com/sagernet/sing-box/common/tls
github.com/sagernet/sing-box/experimental/cachefile
go.uber.org/zap/zapcore
github.com/sagernet/bbolt/internal/freelist
github.com/sagernet/sing-box/protocol/dns
go.uber.org/zap/internal/stacktrace
github.com/sagernet/sing-box/common/trafficcontrol
github.com/sagernet/bbolt
golang.org/x/net/internal/httpsfv
github.com/sagernet/sing/common/atomic
github.com/sagernet/sing/common/baderror
golang.org/x/net/http2
github.com/sagernet/smux
github.com/sagernet/quic-go/internal/handshake
github.com/sagernet/sing/common/replay
github.com/sagernet/sing-tun/ping
github.com/sagernet/sing-vmess
github.com/sagernet/sing/common/udpnat2
github.com/sagernet/sing-mux
github.com/sagernet/sing-box/common/badtls
github.com/sagernet/quic-go/http3/qlog
go.uber.org/zap/internal
github.com/sagernet/quic-go
github.com/sagernet/quic-go/http3
go.uber.org/zap
github.com/jsimonetti/rtnetlink/internal/unix
github.com/sagernet/sing-box/common/ktls
github.com/jsimonetti/rtnetlink
github.com/sagernet/sing-box/protocol/direct
github.com/sagernet/sing-box/experimental/cachefile
github.com/sagernet/sing/common/bufio/deadline
github.com/sagernet/sing-tun/ping
github.com/sagernet/sing-box/common/process
github.com/sagernet/sing/common/winpowrprof
html
github.com/sagernet/sing/common/udpnat2
github.com/sagernet/sing-box/route
internal/profile
runtime/trace
github.com/sagernet/sing-box/common/netns
github.com/sagernet/sing-box/common/stun
github.com/sagernet/quic-go/internal/handshake
github.com/jsimonetti/rtnetlink/internal/unix
github.com/hashicorp/yamux
github.com/sagernet/sing-box/protocol/direct
github.com/sagernet/sing-box/common/interrupt
github.com/jsimonetti/rtnetlink
net/http/pprof
github.com/sagernet/sing-box/common/badtls
github.com/sagernet/sing/common/atomic
github.com/sagernet/sing/common/batch
github.com/sagernet/sing/common/baderror
github.com/sagernet/sing-box/protocol/group
github.com/sagernet/sing-box/common/httpclient
github.com/sagernet/smux
github.com/sagernet/sing-box/dns
github.com/sagernet/sing-quic
github.com/sagernet/sing/common/replay
github.com/sagernet/sing-vmess
github.com/sagernet/sing-box/common/process
github.com/sagernet/sing-box/common/ktls
database/sql/driver
github.com/sagernet/quic-go
github.com/sagernet/sing-mux
database/sql
github.com/sagernet/sing-box/common/networkquality
github.com/sagernet/sing-box/service/oomkiller
github.com/sagernet/sing/common/cleanup
github.com/sagernet/quic-go/http3/qlog
github.com/sagernet/sing-box/common/tls
github.com/sagernet/sing-box/common/urltest
github.com/sagernet/quic-go/http3
github.com/sagernet/sing-box/protocol/dns
github.com/sagernet/sing-box/experimental
golang.org/x/crypto/blowfish
github.com/sagernet/bbolt/errors
github.com/sagernet/sing-box/common/tls
github.com/sagernet/bbolt/internal/common
github.com/hashicorp/yamux
golang.org/x/crypto/ssh/internal/bcrypt_pbkdf
golang.org/x/crypto/ssh
github.com/sagernet/sing-box/protocol/dns
github.com/sagernet/sing/common/atomic
github.com/sagernet/sing/common/baderror
github.com/sagernet/smux
github.com/sagernet/bbolt/internal/freelist
github.com/gofrs/uuid/v5
github.com/sagernet/sing/common/replay
github.com/sagernet/sing-vmess
github.com/sagernet/sing/common/bufio/deadline
golang.org/x/net/internal/timeseries
github.com/sagernet/sing/common/winpowrprof
html
github.com/sagernet/bbolt
text/template/parse
google.golang.org/grpc/backoff
github.com/sagernet/sing-box/route
google.golang.org/grpc/grpclog/internal
github.com/sagernet/sing-box/common/trafficcontrol
internal/profile
github.com/sagernet/sing-mux
google.golang.org/grpc/grpclog
google.golang.org/grpc/connectivity
google.golang.org/grpc/attributes
google.golang.org/grpc/internal/credentials
google.golang.org/grpc/internal/envconfig
google.golang.org/protobuf/internal/detrand
google.golang.org/protobuf/internal/errors
github.com/sagernet/quic-go/http3/qlog
text/template
google.golang.org/protobuf/encoding/protowire
runtime/trace
google.golang.org/protobuf/internal/pragma
github.com/sagernet/quic-go/http3
google.golang.org/protobuf/reflect/protoreflect
github.com/sagernet/sing/common/bufio/deadline
github.com/sagernet/sing-tun/ping
net/http/pprof
github.com/sagernet/sing-quic
github.com/sagernet/sing/common/winpowrprof
html
github.com/sagernet/sing-box/common/stun
github.com/sagernet/sing-box/experimental/cachefile
internal/profile
github.com/sagernet/sing-box/route
github.com/sagernet/sing-box/common/interrupt
runtime/trace
html/template
google.golang.org/protobuf/internal/encoding/messageset
github.com/sagernet/sing-box/common/stun
github.com/sagernet/sing-box
google.golang.org/protobuf/internal/genid
github.com/sagernet/sing-box/common/networkquality
github.com/sagernet/sing/common/batch
github.com/sagernet/sing-box/protocol/group
google.golang.org/protobuf/internal/order
github.com/sagernet/sing-box/common/interrupt
github.com/sagernet/sing/common/udpnat2
go/token
github.com/sagernet/sing-box/common/httpclient
github.com/sagernet/sing/common/batch
github.com/jsimonetti/rtnetlink/internal/unix
github.com/sagernet/sing-box/protocol/group
google.golang.org/protobuf/internal/strs
github.com/jsimonetti/rtnetlink
net/http/pprof
google.golang.org/protobuf/reflect/protoregistry
golang.org/x/crypto/ssh/agent
golang.org/x/net/trace
google.golang.org/protobuf/runtime/protoiface
github.com/sagernet/sing-box/protocol/direct
github.com/sagernet/sing-box/common/httpclient
google.golang.org/protobuf/proto
github.com/sagernet/sing-box/common/tls
github.com/sagernet/sing-quic
github.com/sagernet/sing-box/common/process
github.com/sagernet/sing-box/service/oomkiller
github.com/sagernet/quic-go/http3/qlog
github.com/sagernet/sing-box/service/oomkiller
google.golang.org/grpc/internal
google.golang.org/grpc/balancer/pickfirst/internal
golang.org/x/crypto/blowfish
google.golang.org/grpc/internal/grpclog
github.com/sagernet/quic-go/http3
google.golang.org/protobuf/internal/encoding/json
google.golang.org/grpc/metadata
golang.org/x/crypto/ssh/internal/bcrypt_pbkdf
google.golang.org/grpc/credentials
golang.org/x/crypto/ssh
google.golang.org/grpc/stats
google.golang.org/grpc/experimental/stats
golang.org/x/net/internal/timeseries
google.golang.org/protobuf/internal/descfmt
google.golang.org/grpc/internal/channelz
github.com/sagernet/sing-box/common/networkquality
google.golang.org/grpc/resolver
text/template/parse
google.golang.org/grpc/internal/balancer/weight
github.com/sagernet/sing-box/protocol/dns
google.golang.org/protobuf/internal/descopts
google.golang.org/protobuf/internal/editiondefaults
google.golang.org/protobuf/internal/encoding/text
google.golang.org/protobuf/internal/protolazy
golang.org/x/crypto/blowfish
golang.org/x/crypto/ssh/internal/bcrypt_pbkdf
google.golang.org/protobuf/internal/version
google.golang.org/grpc/codes
golang.org/x/crypto/ssh
google.golang.org/grpc/channelz
google.golang.org/grpc/credentials/insecure
google.golang.org/grpc/balancer
google.golang.org/grpc/internal/grpcutil
google.golang.org/grpc/backoff
google.golang.org/grpc/balancer/base
google.golang.org/grpc/grpclog/internal
google.golang.org/grpc/mem
google.golang.org/protobuf/internal/encoding/defval
github.com/hashicorp/yamux
google.golang.org/grpc/grpclog
google.golang.org/protobuf/internal/filedesc
golang.org/x/net/internal/timeseries
google.golang.org/protobuf/encoding/prototext
google.golang.org/grpc/balancer/endpointsharding
google.golang.org/grpc/connectivity
text/template
google.golang.org/grpc/attributes
github.com/sagernet/sing/common/atomic
text/template/parse
google.golang.org/grpc/internal/credentials
github.com/sagernet/sing/common/baderror
google.golang.org/grpc/encoding
github.com/sagernet/smux
google.golang.org/grpc/internal/backoff
google.golang.org/grpc/internal/envconfig
google.golang.org/grpc/internal/balancer/gracefulswitch
github.com/sagernet/sing/common/replay
google.golang.org/protobuf/internal/detrand
google.golang.org/grpc/backoff
github.com/sagernet/sing-vmess
google.golang.org/protobuf/internal/errors
google.golang.org/grpc/internal/balancerload
google.golang.org/grpc/internal/buffer
google.golang.org/grpc/grpclog/internal
google.golang.org/grpc/internal/idle
google.golang.org/protobuf/encoding/protowire
google.golang.org/grpc/internal/grpcsync
google.golang.org/grpc/internal/metadata
google.golang.org/grpc/grpclog
google.golang.org/grpc/internal/serviceconfig
google.golang.org/grpc/internal/proxyattributes
google.golang.org/protobuf/internal/pragma
google.golang.org/grpc/internal/stats
google.golang.org/protobuf/reflect/protoreflect
google.golang.org/grpc/internal/resolver
github.com/sagernet/sing-box
google.golang.org/grpc/internal/syscall
google.golang.org/grpc/connectivity
google.golang.org/grpc/internal/transport/networktype
github.com/sagernet/sing-mux
google.golang.org/grpc/attributes
google.golang.org/grpc/keepalive
google.golang.org/grpc/internal/credentials
google.golang.org/grpc/peer
google.golang.org/grpc/tap
net/http/httputil
google.golang.org/grpc/internal/resolver/passthrough
github.com/sagernet/sing/common/bufio/deadline
google.golang.org/grpc/internal/envconfig
text/template
google.golang.org/grpc/internal/resolver/unix
google.golang.org/protobuf/internal/detrand
html/template
github.com/sagernet/sing-box/common/httpclient
google.golang.org/grpc/balancer/grpclb/state
google.golang.org/protobuf/internal/errors
google.golang.org/grpc/internal/resolver/dns/internal
google.golang.org/protobuf/encoding/protowire
google.golang.org/grpc/internal/resolver/dns
google.golang.org/protobuf/internal/pragma
google.golang.org/protobuf/reflect/protoreflect
google.golang.org/grpc/resolver/dns
golang.org/x/sync/semaphore
google.golang.org/protobuf/encoding/protojson
google.golang.org/protobuf/internal/encoding/tag
github.com/sagernet/sing/common/winpowrprof
github.com/sagernet/sing-box/dns/transport
html
google.golang.org/protobuf/internal/encoding/messageset
google.golang.org/protobuf/internal/impl
google.golang.org/protobuf/internal/genid
google.golang.org/protobuf/internal/order
internal/profile
runtime/trace
go/token
golang.org/x/net/trace
github.com/sagernet/sing-quic
github.com/sagernet/sing-box/dns/transport/hosts
google.golang.org/protobuf/internal/strs
google.golang.org/protobuf/internal/encoding/messageset
html/template
github.com/sagernet/sing-box/dns/transport/local/systemconfig
google.golang.org/protobuf/internal/genid
google.golang.org/protobuf/reflect/protoregistry
google.golang.org/protobuf/internal/order
golang.org/x/crypto/ssh/agent
github.com/sagernet/sing-box/route
github.com/sagernet/sing-box/dns/transport/mdns
go/token
net/http/pprof
github.com/sagernet/sing-box
github.com/sagernet/sing-box/common/stun
google.golang.org/protobuf/runtime/protoiface
google.golang.org/grpc/internal
google.golang.org/protobuf/proto
github.com/sagernet/sing-box/experimental/libbox/internal/oomprofile
golang.org/x/crypto/ssh/agent
github.com/sagernet/sing-box/common/networkquality
google.golang.org/protobuf/internal/strs
google.golang.org/grpc/metadata
github.com/sagernet/sing-box/common/interrupt
google.golang.org/grpc/stats
github.com/sagernet/sing/common/batch
google.golang.org/protobuf/reflect/protoregistry
google.golang.org/grpc/experimental/stats
github.com/sagernet/sing-box/service/resolved
google.golang.org/grpc/balancer/pickfirst/internal
github.com/sagernet/sing-box/service/oomkiller
google.golang.org/grpc/internal/grpclog
google.golang.org/protobuf/internal/encoding/json
google.golang.org/protobuf/internal/descfmt
golang.org/x/net/trace
github.com/sagernet/sing-box/protocol/group
google.golang.org/protobuf/runtime/protoiface
github.com/sagernet/sing-box/experimental/libbox/internal/procfs
google.golang.org/grpc/credentials
github.com/sagernet/sing-box/experimental/libbox/internal/runtimeinfo
google.golang.org/protobuf/proto
google.golang.org/grpc/internal
google.golang.org/protobuf/internal/descopts
google.golang.org/grpc/internal/channelz
google.golang.org/grpc/resolver
github.com/sagernet/sing-box/dns/transport/fakeip
google.golang.org/protobuf/internal/editiondefaults
google.golang.org/protobuf/internal/encoding/text
google.golang.org/grpc/metadata
github.com/sagernet/sing-box/dns/transport/quic
expvar
google.golang.org/grpc/internal/balancer/weight
google.golang.org/grpc/stats
google.golang.org/grpc/balancer/pickfirst/internal
google.golang.org/grpc/experimental/stats
google.golang.org/protobuf/internal/protolazy
google.golang.org/grpc/internal/grpclog
google.golang.org/protobuf/internal/encoding/json
google.golang.org/protobuf/internal/descfmt
golang.org/x/crypto/blowfish
google.golang.org/protobuf/internal/version
google.golang.org/protobuf/internal/encoding/defval
google.golang.org/grpc/channelz
google.golang.org/grpc/credentials
google.golang.org/protobuf/encoding/prototext
google.golang.org/grpc/balancer
google.golang.org/protobuf/internal/filedesc
golang.org/x/crypto/ssh/internal/bcrypt_pbkdf
golang.org/x/crypto/ssh
google.golang.org/grpc/balancer/base
google.golang.org/protobuf/internal/descopts
google.golang.org/protobuf/internal/editiondefaults
google.golang.org/protobuf/internal/encoding/text
golang.org/x/net/internal/timeseries
google.golang.org/protobuf/internal/protolazy
github.com/go-chi/chi/v5/middleware
google.golang.org/grpc/internal/channelz
text/template/parse
google.golang.org/grpc/resolver
google.golang.org/grpc/balancer/endpointsharding
google.golang.org/grpc/codes
google.golang.org/grpc/internal/balancer/weight
google.golang.org/protobuf/internal/encoding/defval
google.golang.org/grpc/credentials/insecure
google.golang.org/protobuf/encoding/prototext
google.golang.org/grpc/internal/grpcutil
google.golang.org/grpc/mem
google.golang.org/grpc/backoff
google.golang.org/protobuf/internal/filedesc
google.golang.org/grpc/internal/backoff
google.golang.org/grpc/grpclog/internal
google.golang.org/grpc/channelz
google.golang.org/grpc/internal/balancer/gracefulswitch
google.golang.org/grpc/balancer
google.golang.org/grpc/encoding
google.golang.org/grpc/grpclog
google.golang.org/grpc/balancer/base
google.golang.org/grpc/internal/balancerload
github.com/ajg/form
google.golang.org/grpc/internal/buffer
google.golang.org/grpc/internal/idle
google.golang.org/grpc/internal/grpcsync
google.golang.org/grpc/internal/metadata
github.com/sagernet/sing-box/dns/transport/local
text/template
google.golang.org/grpc/internal/serviceconfig
google.golang.org/grpc/internal/proxyattributes
google.golang.org/protobuf/internal/version
google.golang.org/grpc/internal/stats
google.golang.org/grpc/connectivity
google.golang.org/grpc/balancer/endpointsharding
google.golang.org/grpc/codes
google.golang.org/grpc/internal/resolver
google.golang.org/grpc/attributes
google.golang.org/grpc/credentials/insecure
google.golang.org/grpc/internal/syscall
google.golang.org/grpc/internal/transport/networktype
github.com/sagernet/cors
google.golang.org/grpc/keepalive
google.golang.org/grpc/internal/grpcutil
github.com/go-chi/render
google.golang.org/grpc/peer
google.golang.org/grpc/mem
google.golang.org/grpc/internal/credentials
google.golang.org/grpc/tap
net/http/httputil
google.golang.org/grpc/internal/backoff
google.golang.org/grpc/internal/resolver/passthrough
google.golang.org/grpc/internal/balancer/gracefulswitch
google.golang.org/grpc/internal/resolver/unix
github.com/gobwas/httphead
google.golang.org/grpc/encoding
google.golang.org/grpc/internal/envconfig
google.golang.org/grpc/balancer/grpclb/state
github.com/gobwas/pool
google.golang.org/grpc/internal/resolver/dns/internal
google.golang.org/grpc/internal/balancerload
google.golang.org/grpc/internal/buffer
google.golang.org/grpc/internal/resolver/dns
google.golang.org/protobuf/internal/detrand
google.golang.org/protobuf/encoding/protojson
google.golang.org/grpc/internal/idle
github.com/gobwas/pool/pbufio
google.golang.org/grpc/internal/grpcsync
google.golang.org/grpc/internal/metadata
google.golang.org/protobuf/internal/errors
github.com/gobwas/pool/pbytes
google.golang.org/grpc/internal/serviceconfig
google.golang.org/grpc/internal/proxyattributes
google.golang.org/protobuf/internal/encoding/tag
google.golang.org/grpc/internal/stats
github.com/anytls/sing-anytls/util
google.golang.org/grpc/internal/resolver
google.golang.org/protobuf/encoding/protowire
github.com/sagernet/ws
github.com/anytls/sing-anytls/padding
google.golang.org/grpc/internal/syscall
google.golang.org/grpc/internal/transport/networktype
google.golang.org/grpc/resolver/dns
golang.org/x/sync/semaphore
google.golang.org/grpc/keepalive
google.golang.org/protobuf/internal/impl
google.golang.org/grpc/peer
github.com/sagernet/sing-box/dns/transport/hosts
github.com/anytls/sing-anytls/pipe
google.golang.org/protobuf/internal/pragma
github.com/sagernet/sing-box/dns/transport
google.golang.org/grpc/tap
net/http/httputil
google.golang.org/grpc/internal/resolver/passthrough
google.golang.org/protobuf/reflect/protoreflect
github.com/anytls/sing-anytls/skiplist
google.golang.org/protobuf/encoding/protojson
google.golang.org/protobuf/internal/encoding/tag
github.com/anytls/sing-anytls/session
html/template
google.golang.org/protobuf/internal/impl
github.com/sagernet/sing-box/dns/transport/local/systemconfig
github.com/sagernet/sing-box/experimental/libbox/internal/oomprofile
github.com/sagernet/ws/wsutil
google.golang.org/grpc/internal/resolver/unix
github.com/sagernet/sing-box/dns/transport/mdns
github.com/sagernet/sing-box/common/uot
google.golang.org/grpc/balancer/grpclb/state
github.com/anytls/sing-anytls
google.golang.org/grpc/internal/resolver/dns/internal
google.golang.org/protobuf/internal/encoding/messageset
github.com/sagernet/sing-box/experimental/libbox/internal/procfs
google.golang.org/grpc/internal/resolver/dns
github.com/sagernet/sing-box/protocol/block
golang.org/x/sync/semaphore
github.com/sagernet/sing-box/experimental/libbox/internal/runtimeinfo
github.com/sagernet/sing-box/dns/transport
google.golang.org/protobuf/internal/genid
google.golang.org/grpc/resolver/dns
github.com/sagernet/sing-box/experimental/clashapi
google.golang.org/protobuf/internal/filetype
github.com/sagernet/sing-box/protocol/anytls
github.com/sagernet/sing-box/protocol/bridge
github.com/sagernet/sing-box/dns/transport/hosts
google.golang.org/protobuf/internal/order
github.com/sagernet/sing-box/dns/transport/fakeip
go/token
google.golang.org/protobuf/runtime/protoimpl
expvar
github.com/sagernet/sing-box/service/resolved
golang.org/x/net/trace
google.golang.org/protobuf/protoadapt
google.golang.org/grpc/internal/pretty
google.golang.org/grpc/balancer/pickfirst
golang.org/x/crypto/ssh/agent
google.golang.org/protobuf/internal/strs
github.com/sagernet/sing-box/dns/transport/local/systemconfig
google.golang.org/protobuf/reflect/protoregistry
github.com/sagernet/sing-box/dns/transport/quic
github.com/sagernet/sing-box/dns/transport/mdns
github.com/sagernet/sing-box
google.golang.org/grpc/balancer/roundrobin
google.golang.org/protobuf/runtime/protoiface
google.golang.org/grpc/internal
github.com/sagernet/sing-box/service/resolved
google.golang.org/grpc/encoding/proto
google.golang.org/protobuf/proto
github.com/go-chi/chi/v5/middleware
github.com/sagernet/sing-box/experimental/libbox/internal/oomprofile
google.golang.org/grpc/balancer/pickfirst/internal
google.golang.org/grpc/internal/grpclog
google.golang.org/protobuf/types/known/durationpb
google.golang.org/grpc/metadata
google.golang.org/protobuf/internal/encoding/json
google.golang.org/grpc/stats
google.golang.org/protobuf/types/known/timestamppb
google.golang.org/protobuf/types/known/anypb
google.golang.org/grpc/experimental/stats
google.golang.org/protobuf/types/descriptorpb
google.golang.org/grpc/binarylog/grpc_binarylog_v1
google.golang.org/protobuf/internal/descfmt
google.golang.org/genproto/googleapis/rpc/status
github.com/sagernet/sing-box/experimental/libbox/internal/procfs
google.golang.org/protobuf/internal/descopts
google.golang.org/protobuf/internal/editiondefaults
google.golang.org/grpc/internal/status
github.com/ajg/form
google.golang.org/protobuf/internal/encoding/text
github.com/sagernet/sing-box/experimental/libbox/internal/runtimeinfo
google.golang.org/grpc/status
google.golang.org/protobuf/internal/protolazy
google.golang.org/grpc/internal/transport
google.golang.org/grpc/internal/binarylog
google.golang.org/grpc/credentials
google.golang.org/protobuf/internal/version
google.golang.org/grpc/codes
github.com/sagernet/sing-box/dns/transport/fakeip
github.com/sagernet/sing-box/dns/transport/quic
google.golang.org/grpc/internal/grpcutil
google.golang.org/protobuf/internal/encoding/defval
github.com/go-chi/render
google.golang.org/grpc/internal/channelz
google.golang.org/protobuf/types/known/emptypb
google.golang.org/grpc/resolver
expvar
google.golang.org/protobuf/internal/filedesc
github.com/sagernet/cors
github.com/sagernet/sing-box/protocol/http
google.golang.org/grpc/internal/balancer/weight
github.com/gobwas/httphead
github.com/gobwas/pool
google.golang.org/protobuf/encoding/prototext
google.golang.org/protobuf/internal/editionssupport
google.golang.org/protobuf/types/gofeaturespb
github.com/gobwas/pool/pbufio
github.com/gobwas/pool/pbytes
google.golang.org/protobuf/reflect/protodesc
github.com/anytls/sing-anytls/util
google.golang.org/grpc/channelz
github.com/sagernet/sing-box/dns/transport/local
github.com/anytls/sing-anytls/padding
google.golang.org/grpc/balancer
github.com/go-chi/chi/v5/middleware
github.com/sagernet/ws
github.com/anytls/sing-anytls/pipe
github.com/sagernet/sing-quic/congestion_meta1
google.golang.org/grpc/balancer/base
github.com/anytls/sing-anytls/skiplist
google.golang.org/grpc/credentials/insecure
github.com/anytls/sing-anytls/session
google.golang.org/grpc/mem
github.com/sagernet/sing-quic/congestion_meta2
google.golang.org/grpc/balancer/endpointsharding
github.com/sagernet/sing-box/dns/transport/local
github.com/sagernet/sing/common/cache
github.com/sagernet/sing-quic/hysteria/congestion
google.golang.org/grpc/encoding
google.golang.org/grpc/internal/backoff
github.com/sagernet/sing-quic/hysteria
google.golang.org/grpc/internal/balancer/gracefulswitch
google.golang.org/grpc/internal/balancerload
github.com/ajg/form
google.golang.org/grpc/internal/buffer
github.com/sagernet/sing-quic/hysteria2/internal/protocol
github.com/anytls/sing-anytls
google.golang.org/grpc/internal/grpcsync
github.com/sagernet/ws/wsutil
google.golang.org/grpc/internal/idle
google.golang.org/grpc/internal/metadata
github.com/huin/goupnp/httpu
github.com/sagernet/sing-quic/tuic
github.com/sagernet/cors
google.golang.org/protobuf/encoding/protojson
google.golang.org/protobuf/internal/encoding/tag
google.golang.org/grpc/internal/serviceconfig
google.golang.org/protobuf/internal/filetype
github.com/go-chi/render
github.com/sagernet/sing-box/common/uot
google.golang.org/grpc/internal/resolver
github.com/gobwas/httphead
google.golang.org/protobuf/internal/impl
github.com/huin/goupnp/scpd
github.com/sagernet/sing-box/protocol/anytls
google.golang.org/grpc/internal/proxyattributes
github.com/huin/goupnp/soap
google.golang.org/protobuf/runtime/protoimpl
google.golang.org/grpc/internal/stats
github.com/gobwas/pool
google.golang.org/grpc/internal/resolver/delegatingresolver
github.com/sagernet/sing-box/experimental/clashapi
google.golang.org/grpc/internal/syscall
github.com/gobwas/pool/pbufio
google.golang.org/protobuf/protoadapt
google.golang.org/protobuf/types/known/durationpb
google.golang.org/protobuf/types/known/timestamppb
google.golang.org/grpc/internal/pretty
google.golang.org/grpc
google.golang.org/grpc/balancer/pickfirst
github.com/huin/goupnp/ssdp
google.golang.org/grpc/internal/transport/networktype
google.golang.org/grpc/encoding/proto
google.golang.org/grpc/binarylog/grpc_binarylog_v1
google.golang.org/grpc/keepalive
google.golang.org/grpc/peer
google.golang.org/protobuf/types/known/anypb
github.com/huin/goupnp
google.golang.org/grpc/tap
net/http/httputil
google.golang.org/protobuf/internal/filetype
google.golang.org/grpc/internal/resolver/passthrough
google.golang.org/genproto/googleapis/rpc/status
google.golang.org/protobuf/types/descriptorpb
github.com/sagernet/sing-box/protocol/block
google.golang.org/grpc/internal/resolver/unix
google.golang.org/protobuf/runtime/protoimpl
github.com/huin/goupnp/dcps/internetgateway1
google.golang.org/grpc/internal/status
google.golang.org/grpc/balancer/grpclb/state
google.golang.org/grpc/balancer/roundrobin
google.golang.org/protobuf/protoadapt
google.golang.org/grpc/internal/resolver/dns/internal
google.golang.org/grpc/status
google.golang.org/protobuf/types/known/emptypb
github.com/huin/goupnp/dcps/internetgateway2
google.golang.org/protobuf/types/known/durationpb
google.golang.org/grpc/internal/pretty
google.golang.org/grpc/internal/resolver/dns
google.golang.org/grpc/internal/binarylog
google.golang.org/grpc/encoding/proto
google.golang.org/grpc/balancer/pickfirst
google.golang.org/protobuf/types/known/timestamppb
google.golang.org/grpc/internal/transport
golang.org/x/sync/semaphore
google.golang.org/protobuf/types/known/anypb
google.golang.org/grpc/resolver/dns
github.com/sagernet/sing-box/dns/transport
github.com/sagernet/sing-box/dns/transport/hosts
github.com/sagernet/ws
google.golang.org/grpc/binarylog/grpc_binarylog_v1
google.golang.org/genproto/googleapis/rpc/status
github.com/sagernet/sing-box/protocol/tuic
github.com/gobwas/pool/pbytes
google.golang.org/grpc/internal/status
github.com/jackpal/go-nat-pmp
github.com/anytls/sing-anytls/util
github.com/anytls/sing-anytls/padding
google.golang.org/grpc/status
github.com/koron/go-ssdp/internal/ssdplog
google.golang.org/protobuf/types/descriptorpb
github.com/koron/go-ssdp/internal/multicast
github.com/anytls/sing-anytls/pipe
google.golang.org/grpc/internal/binarylog
google.golang.org/grpc/balancer/roundrobin
github.com/anytls/sing-anytls/skiplist
google.golang.org/grpc/internal/transport
github.com/koron/go-ssdp
github.com/anytls/sing-anytls/session
google.golang.org/protobuf/internal/editionssupport
google.golang.org/protobuf/types/gofeaturespb
github.com/sagernet/sing-box/dns/transport/local/systemconfig
google.golang.org/protobuf/types/known/emptypb
github.com/sagernet/ws/wsutil
google.golang.org/protobuf/reflect/protodesc
github.com/google/gopacket/routing
github.com/sagernet/sing-box/dns/transport/mdns
github.com/sagernet/sing-quic/hysteria2/internal/stun
github.com/sagernet/sing-box/protocol/bridge
github.com/libp2p/go-netroute
golang.org/x/sync/singleflight
github.com/libp2p/go-nat
golang.org/x/crypto/blake2b
github.com/anytls/sing-anytls
github.com/sagernet/sing-quic/hysteria2/realm
golang.org/x/net/http2/h2c
github.com/sagernet/sing-box/experimental/clashapi
github.com/sagernet/sing-box/experimental/libbox/internal/oomprofile
github.com/sagernet/sing-box/common/uot
google.golang.org/protobuf/internal/editionssupport
github.com/sagernet/sing/protocol/socks/socks4
google.golang.org/protobuf/types/gofeaturespb
github.com/sagernet/sing-box/service/resolved
github.com/sagernet/sing-box/protocol/http
github.com/sagernet/sing-box/protocol/anytls
github.com/sagernet/sing-box/protocol/block
github.com/sagernet/sing/protocol/socks/socks5
google.golang.org/grpc/health/grpc_health_v1
google.golang.org/grpc/internal/resolver/delegatingresolver
google.golang.org/protobuf/reflect/protodesc
github.com/sagernet/sing-box/experimental/libbox/internal/procfs
google.golang.org/grpc
google.golang.org/grpc/reflection/grpc_reflection_v1
google.golang.org/grpc/reflection/grpc_reflection_v1alpha
github.com/sagernet/sing-box/protocol/bridge
github.com/sagernet/sing-box/experimental/libbox/internal/runtimeinfo
github.com/sagernet/sing-box/protocol/hysteria
google.golang.org/grpc/health
github.com/sagernet/sing-box/dns/transport/fakeip
github.com/sagernet/sing-box/dns/transport/quic
github.com/sagernet/sing-quic/hysteria2
github.com/sagernet/sing/protocol/socks
expvar
google.golang.org/grpc/reflection/internal
github.com/sagernet/sing-quic/congestion_meta1
github.com/sagernet/sing-quic/congestion_meta2
google.golang.org/grpc/reflection
github.com/sagernet/sing/common/cache
github.com/sagernet/sing-box/protocol/http
github.com/sagernet/sing-quic/hysteria/congestion
github.com/sagernet/sing-box/protocol/mixed
github.com/sagernet/sing-quic/hysteria
github.com/sagernet/sing-quic/hysteria2/internal/protocol
github.com/sagernet/sing-box/daemon
google.golang.org/grpc/internal/resolver/delegatingresolver
github.com/go-chi/chi/v5/middleware
github.com/huin/goupnp/httpu
github.com/sagernet/sing-quic/tuic
google.golang.org/grpc
github.com/huin/goupnp/scpd
github.com/huin/goupnp/soap
github.com/sagernet/sing-quic/congestion_meta1
github.com/sagernet/sing-quic/congestion_meta2
github.com/ajg/form
github.com/sagernet/cronet-go
github.com/sagernet/sing/common/cache
github.com/huin/goupnp/ssdp
github.com/sagernet/sing-quic/hysteria/congestion
github.com/sagernet/cronet-go/lib/android_arm
github.com/sagernet/sing-quic/hysteria2/internal/protocol
github.com/sagernet/cors
github.com/sagernet/sing-quic/hysteria
github.com/sagernet/sing-box/dns/transport/local
github.com/huin/goupnp/httpu
github.com/go-chi/render
github.com/huin/goupnp
github.com/gobwas/httphead
github.com/gobwas/pool
github.com/huin/goupnp/dcps/internetgateway1
github.com/huin/goupnp/scpd
github.com/gobwas/pool/pbufio
github.com/sagernet/sing-quic/tuic
github.com/huin/goupnp/soap
github.com/sagernet/sing-box/protocol/hysteria2
github.com/gobwas/pool/pbytes
github.com/sagernet/ws
github.com/anytls/sing-anytls/util
github.com/sagernet/sing-box/transport/v2rayhttp
github.com/huin/goupnp/dcps/internetgateway2
github.com/anytls/sing-anytls/padding
github.com/huin/goupnp/ssdp
google.golang.org/protobuf/internal/filetype
google.golang.org/grpc/health/grpc_health_v1
github.com/anytls/sing-anytls/pipe
github.com/sagernet/sing-box/protocol/tuic
google.golang.org/grpc/reflection/grpc_reflection_v1
github.com/anytls/sing-anytls/skiplist
github.com/anytls/sing-anytls/session
github.com/jackpal/go-nat-pmp
google.golang.org/protobuf/runtime/protoimpl
github.com/sagernet/sing-box/common/iponly
github.com/sagernet/ws/wsutil
github.com/koron/go-ssdp/internal/ssdplog
github.com/koron/go-ssdp/internal/multicast
google.golang.org/protobuf/protoadapt
google.golang.org/grpc/health
github.com/anchore/go-lzo
google.golang.org/grpc/reflection/grpc_reflection_v1alpha
github.com/koron/go-ssdp
github.com/google/certificate-transparency-go/asn1
google.golang.org/grpc/internal/pretty
google.golang.org/grpc/balancer/pickfirst
github.com/huin/goupnp
github.com/jackpal/go-nat-pmp
github.com/google/gopacket/routing
github.com/sagernet/sing-quic/hysteria2/internal/stun
google.golang.org/grpc/encoding/proto
google.golang.org/protobuf/types/known/durationpb
github.com/koron/go-ssdp/internal/ssdplog
google.golang.org/protobuf/types/known/timestamppb
github.com/koron/go-ssdp/internal/multicast
google.golang.org/grpc/reflection/internal
github.com/libp2p/go-netroute
google.golang.org/protobuf/types/known/anypb
golang.org/x/sync/singleflight
google.golang.org/protobuf/types/descriptorpb
github.com/huin/goupnp/dcps/internetgateway1
github.com/huin/goupnp/dcps/internetgateway2
google.golang.org/grpc/binarylog/grpc_binarylog_v1
golang.org/x/crypto/blake2b
github.com/libp2p/go-nat
google.golang.org/genproto/googleapis/rpc/status
google.golang.org/grpc/reflection
google.golang.org/grpc/balancer/roundrobin
github.com/google/certificate-transparency-go/tls
google.golang.org/protobuf/types/known/emptypb
google.golang.org/grpc/internal/status
github.com/sagernet/sing-quic/hysteria2/realm
github.com/sagernet/sing-box/protocol/tuic
github.com/sagernet/sing-box/daemon
golang.org/x/net/http2/h2c
google.golang.org/grpc/status
github.com/sagernet/sing-box/experimental/clashapi
github.com/anytls/sing-anytls
github.com/google/certificate-transparency-go/x509/pkix
google.golang.org/grpc/health/grpc_health_v1
golang.org/x/crypto/ed25519
github.com/koron/go-ssdp
github.com/google/certificate-transparency-go/x509
google.golang.org/grpc/internal/binarylog
google.golang.org/grpc/reflection/grpc_reflection_v1
github.com/google/gopacket/routing
google.golang.org/grpc/internal/transport
google.golang.org/protobuf/internal/editionssupport
github.com/libp2p/go-netroute
google.golang.org/protobuf/types/gofeaturespb
github.com/sagernet/sing-box/common/uot
github.com/sagernet/sing-quic/hysteria2/internal/stun
google.golang.org/grpc/health
golang.org/x/sync/singleflight
google.golang.org/grpc/reflection/grpc_reflection_v1alpha
google.golang.org/protobuf/reflect/protodesc
golang.org/x/crypto/blake2b
github.com/klauspost/compress/flate
github.com/sagernet/sing-box/protocol/anytls
github.com/sagernet/sing-box/protocol/hysteria
github.com/sagernet/sing-quic/hysteria2
github.com/libp2p/go-nat
golang.org/x/net/http2/h2c
google.golang.org/grpc/reflection/internal
github.com/sagernet/sing/protocol/socks/socks4
github.com/sagernet/sing/protocol/socks/socks4
github.com/sagernet/sing-quic/hysteria2/realm
google.golang.org/grpc/reflection
github.com/sagernet/sing/protocol/socks/socks5
github.com/sagernet/sing/protocol/socks/socks5
github.com/sagernet/sing/protocol/socks
github.com/sagernet/sing/protocol/socks
github.com/sagernet/sing-box/daemon
github.com/sagernet/sing-box/protocol/block
github.com/sagernet/sing-box/protocol/mixed
github.com/pierrec/lz4/v4/internal/lz4block
github.com/sagernet/sing-box/protocol/mixed
github.com/sagernet/sing-box/protocol/hysteria
github.com/sagernet/sing-quic/hysteria2
github.com/sagernet/sing-box/protocol/bridge
github.com/sagernet/sing-box/protocol/http
github.com/pierrec/lz4/v4/internal/xxh32
github.com/pierrec/lz4/v4/internal/lz4stream
github.com/pierrec/lz4/v4
google.golang.org/grpc/internal/resolver/delegatingresolver
encoding/gob
github.com/sagernet/cronet-go
github.com/sagernet/sing-box/protocol/hysteria2
github.com/pion/dtls/v3/internal/util
github.com/pion/dtls/v3/pkg/crypto/ccm
google.golang.org/grpc
github.com/sagernet/cronet-go
github.com/pion/dtls/v3/pkg/crypto/elliptic
github.com/sagernet/sing-quic/congestion_meta1
github.com/pion/dtls/v3/pkg/protocol
github.com/pion/dtls/v3/pkg/crypto/prf
github.com/sagernet/sing-quic/congestion_meta2
github.com/pion/dtls/v3/pkg/protocol/alert
github.com/pion/dtls/v3/pkg/crypto/hash
github.com/sagernet/cronet-go/lib/android_amd64
github.com/pion/dtls/v3/pkg/crypto/signature
github.com/sagernet/sing/common/cache
github.com/pion/dtls/v3/pkg/crypto/signaturehash
github.com/sagernet/sing-quic/hysteria/congestion
github.com/sagernet/sing-quic/hysteria2/internal/protocol
github.com/pion/dtls/v3/pkg/protocol/extension
github.com/sagernet/sing-quic/hysteria
github.com/huin/goupnp/httpu
github.com/sagernet/sing-quic/tuic
github.com/huin/goupnp/scpd
github.com/sagernet/cronet-go/lib/android_386
github.com/huin/goupnp/soap
github.com/sagernet/sing-box/transport/v2rayhttp
github.com/pion/dtls/v3/pkg/protocol/handshake
github.com/sagernet/sing-box/protocol/hysteria2
github.com/pion/dtls/v3/internal/closer
github.com/pion/transport/v4/deadline
github.com/huin/goupnp/ssdp
github.com/pion/dtls/v3/internal/net
github.com/pion/dtls/v3/pkg/protocol/recordlayer
github.com/pion/dtls/v3/pkg/net
github.com/pion/dtls/v3/internal/net/udp
github.com/pion/dtls/v3/pkg/crypto/ciphersuite
github.com/huin/goupnp
github.com/sagernet/sing-box/common/iponly
github.com/sagernet/sing-box/transport/v2rayhttp
github.com/pion/logging
github.com/pion/dtls/v3/internal/ciphersuite
github.com/anchore/go-lzo
github.com/pion/transport/v4/netctx
github.com/huin/goupnp/dcps/internetgateway1
github.com/google/certificate-transparency-go/asn1
github.com/pion/transport/v4/replaydetector
github.com/smallstep/pkcs7/internal/legacy/x509
github.com/sagernet/sing-box/common/iponly
github.com/pion/dtls/v3
github.com/huin/goupnp/dcps/internetgateway2
golang.org/x/crypto/ed25519
github.com/anchore/go-lzo
github.com/klauspost/compress/flate
github.com/google/certificate-transparency-go/asn1
github.com/google/certificate-transparency-go/tls
github.com/sagernet/sing-box/protocol/tuic
github.com/jackpal/go-nat-pmp
github.com/koron/go-ssdp/internal/ssdplog
github.com/smallstep/pkcs7
github.com/koron/go-ssdp/internal/multicast
google.golang.org/grpc/health/grpc_health_v1
github.com/google/certificate-transparency-go/x509/pkix
github.com/google/certificate-transparency-go/tls
google.golang.org/grpc/reflection/grpc_reflection_v1
github.com/google/certificate-transparency-go/x509
github.com/youmark/pkcs8
github.com/google/certificate-transparency-go/x509/pkix
google.golang.org/grpc/reflection/grpc_reflection_v1alpha
google.golang.org/grpc/health
golang.org/x/crypto/ed25519
github.com/koron/go-ssdp
github.com/google/certificate-transparency-go/x509
golang.org/x/net/html
github.com/google/gopacket/routing
github.com/pierrec/lz4/v4/internal/lz4block
github.com/sagernet/sing-quic/hysteria2/internal/stun
github.com/pierrec/lz4/v4/internal/xxh32
google.golang.org/grpc/reflection/internal
github.com/pierrec/lz4/v4/internal/lz4stream
github.com/libp2p/go-netroute
github.com/sagernet/sing-box/transport/openvpn
golang.org/x/sync/singleflight
github.com/libp2p/go-nat
golang.org/x/crypto/blake2b
google.golang.org/grpc/reflection
github.com/pierrec/lz4/v4
github.com/klauspost/compress/flate
golang.org/x/net/http2/h2c
github.com/sagernet/sing-quic/hysteria2/realm
github.com/sagernet/sing-box/daemon
encoding/gob
github.com/sagernet/sing-openconnect
github.com/sagernet/sing/protocol/socks/socks4
internal/sysinfo
github.com/pion/dtls/v3/internal/util
github.com/pion/dtls/v3/pkg/crypto/ccm
testing
github.com/pion/dtls/v3/pkg/crypto/elliptic
github.com/sagernet/sing-box/protocol/hysteria
github.com/pion/dtls/v3/pkg/protocol
github.com/pion/dtls/v3/pkg/crypto/prf
github.com/sagernet/sing/protocol/socks/socks5
github.com/pierrec/lz4/v4/internal/lz4block
github.com/pion/dtls/v3/pkg/protocol/alert
github.com/pion/dtls/v3/pkg/crypto/hash
github.com/pion/dtls/v3/pkg/crypto/signature
github.com/pion/dtls/v3/pkg/crypto/signaturehash
github.com/pion/dtls/v3/pkg/protocol/extension
github.com/sagernet/sing/protocol/socks
github.com/pierrec/lz4/v4/internal/xxh32
github.com/pierrec/lz4/v4/internal/lz4stream
github.com/pion/dtls/v3/pkg/protocol/handshake
github.com/pierrec/lz4/v4
github.com/sagernet/sing-quic/hysteria2
github.com/pion/dtls/v3/pkg/protocol/recordlayer
encoding/gob
github.com/sagernet/sing-box/protocol/mixed
github.com/pion/dtls/v3/pkg/crypto/ciphersuite
github.com/pion/dtls/v3/internal/util
github.com/pion/dtls/v3/pkg/crypto/ccm
github.com/pion/dtls/v3/pkg/crypto/elliptic
github.com/pion/dtls/v3/internal/ciphersuite
github.com/pion/dtls/v3/pkg/protocol
github.com/pion/dtls/v3/pkg/crypto/prf
github.com/pion/dtls/v3/pkg/protocol/alert
github.com/pion/dtls/v3/pkg/crypto/hash
github.com/pion/dtls/v3/internal/closer
github.com/pion/dtls/v3/pkg/crypto/signature
github.com/sagernet/cronet-go
github.com/pion/transport/v4/deadline
github.com/pion/dtls/v3/pkg/net
github.com/pion/dtls/v3/pkg/crypto/signaturehash
github.com/pion/logging
github.com/pion/dtls/v3/internal/net
github.com/RyuaNerin/go-krypto/internal/memory
github.com/pion/dtls/v3/internal/net/udp
github.com/pion/dtls/v3/pkg/protocol/extension
github.com/pion/transport/v4/netctx
github.com/RyuaNerin/go-krypto/aria
github.com/sagernet/cronet-go/lib/android_arm64
github.com/pion/transport/v4/replaydetector
github.com/smallstep/pkcs7/internal/legacy/x509
github.com/pion/dtls/v3
github.com/pion/dtls/v3/internal/closer
github.com/pion/transport/v4/deadline
github.com/pion/dtls/v3/internal/net
github.com/pion/dtls/v3/pkg/protocol/handshake
github.com/pion/dtls/v3/pkg/net
github.com/RyuaNerin/go-krypto/internal/golang.org/x/sys/cpu
github.com/pion/dtls/v3/internal/net/udp
github.com/pion/logging
github.com/RyuaNerin/go-krypto/seed
github.com/smallstep/pkcs7
github.com/pion/transport/v4/netctx
github.com/dgryski/go-camellia
github.com/pion/transport/v4/replaydetector
github.com/sagernet/sing-box/transport/v2rayhttp
github.com/smallstep/pkcs7/internal/legacy/x509
github.com/pion/dtls/v3/pkg/protocol/recordlayer
github.com/youmark/pkcs8
github.com/sagernet/sing-box/protocol/hysteria2
github.com/sagernet/sing-openvpn/proto
github.com/tjfoc/gmsm/sm4
github.com/pion/dtls/v3/pkg/crypto/ciphersuite
golang.org/x/net/html
github.com/pion/dtls/v3/internal/ciphersuite
golang.org/x/crypto/cast5
github.com/sagernet/sing-box/common/iponly
github.com/pion/dtls/v3
github.com/youmark/pkcs8
golang.org/x/crypto/ripemd160
github.com/sagernet/sing-box/protocol/redirect
github.com/anchore/go-lzo
github.com/sagernet/sing-openvpn
github.com/smallstep/pkcs7
github.com/google/certificate-transparency-go/asn1
golang.org/x/net/html
github.com/sagernet/sing-box/transport/openvpn
github.com/sagernet/sing-box/transport/openvpn
github.com/google/certificate-transparency-go/tls
internal/sysinfo
github.com/google/certificate-transparency-go/x509/pkix
testing
golang.org/x/crypto/ed25519
github.com/google/certificate-transparency-go/x509
github.com/RyuaNerin/go-krypto/internal/golang.org/x/sys/cpu
github.com/sagernet/sing-openconnect
internal/sysinfo
github.com/sagernet/sing-openconnect
testing
github.com/sagernet/sing-box/common/mux
github.com/klauspost/compress/flate
github.com/sagernet/sing/common/random
github.com/sagernet/sing-box/transport/simple-obfs
github.com/sagernet/sing-box/transport/v2raygrpclite
github.com/RyuaNerin/go-krypto/internal/memory
github.com/pierrec/lz4/v4/internal/lz4block
github.com/RyuaNerin/go-krypto/aria
github.com/pierrec/lz4/v4/internal/xxh32
github.com/sagernet/sing-box/transport/v2rayhttpupgrade
github.com/pierrec/lz4/v4/internal/lz4stream
github.com/sagernet/sing-box/transport/v2raywebsocket
github.com/pierrec/lz4/v4
github.com/RyuaNerin/go-krypto/internal/memory
github.com/RyuaNerin/go-krypto/aria
encoding/gob
github.com/pion/dtls/v3/internal/util
github.com/pion/dtls/v3/pkg/crypto/ccm
github.com/RyuaNerin/go-krypto/internal/golang.org/x/sys/cpu
github.com/pion/dtls/v3/pkg/crypto/elliptic
github.com/dgryski/go-camellia
github.com/pion/dtls/v3/pkg/protocol
github.com/RyuaNerin/go-krypto/seed
github.com/pion/dtls/v3/pkg/crypto/prf
github.com/sagernet/sing-box/transport/v2ray
github.com/RyuaNerin/go-krypto/seed
github.com/sagernet/sing-openvpn/proto
github.com/pion/dtls/v3/pkg/protocol/alert
github.com/pion/dtls/v3/pkg/crypto/hash
github.com/pion/dtls/v3/pkg/crypto/signature
github.com/tjfoc/gmsm/sm4
github.com/dgryski/go-camellia
github.com/pion/dtls/v3/pkg/crypto/signaturehash
github.com/sagernet/sing-openvpn/proto
golang.org/x/crypto/cast5
github.com/pion/dtls/v3/pkg/protocol/extension
github.com/tjfoc/gmsm/sm4
golang.org/x/crypto/ripemd160
github.com/sagernet/sing-box/protocol/redirect
github.com/sagernet/sing-box/transport/sip003
github.com/sagernet/sing-openvpn
golang.org/x/crypto/cast5
golang.org/x/crypto/ripemd160
github.com/sagernet/sing-box/protocol/redirect
github.com/sagernet/sing-openvpn
github.com/pion/dtls/v3/pkg/protocol/handshake
github.com/sagernet/sing/common/udpnat
github.com/pion/dtls/v3/pkg/protocol/recordlayer
github.com/sagernet/sing-shadowsocks
github.com/pion/dtls/v3/pkg/crypto/ciphersuite
github.com/pion/dtls/v3/internal/closer
github.com/pion/transport/v4/deadline
github.com/pion/dtls/v3/internal/net
github.com/pion/dtls/v3/internal/ciphersuite
github.com/pion/dtls/v3/pkg/net
github.com/sagernet/sing-shadowsocks/shadowaead
github.com/pion/dtls/v3/internal/net/udp
github.com/pion/logging
github.com/pion/transport/v4/netctx
github.com/sagernet/sing-box/protocol/openvpn
github.com/pion/transport/v4/replaydetector
github.com/smallstep/pkcs7/internal/legacy/x509
github.com/youmark/pkcs8
github.com/pion/dtls/v3
golang.org/x/net/html
github.com/sagernet/sing-box/common/mux
github.com/klauspost/cpuid/v2
github.com/sagernet/sing/common/random
github.com/smallstep/pkcs7
github.com/sagernet/sing-box/transport/simple-obfs
github.com/sagernet/sing-box/transport/v2raygrpclite
github.com/sagernet/sing-box/transport/openvpn
github.com/sagernet/sing-box/common/mux
github.com/sagernet/sing-box/transport/v2rayhttpupgrade
github.com/sagernet/sing-box/transport/v2raywebsocket
github.com/sagernet/sing/common/random
lukechampine.com/blake3/guts
github.com/sagernet/sing-box/transport/simple-obfs
internal/sysinfo
github.com/sagernet/sing-openconnect
testing
github.com/sagernet/sing-box/transport/v2raygrpclite
lukechampine.com/blake3/bao
github.com/sagernet/sing-box/transport/v2ray
lukechampine.com/blake3
github.com/sagernet/sing-shadowsocks/shadowaead_2022
github.com/sagernet/sing-box/transport/v2rayhttpupgrade
github.com/sagernet/sing-box/transport/v2raywebsocket
github.com/sagernet/sing-box/transport/sip003
github.com/sagernet/sing-shadowsocks2/cipher
github.com/sagernet/sing-box/transport/v2ray
github.com/sagernet/sing-shadowsocks2/internal/legacykey
github.com/sagernet/sing-shadowsocks2/internal/shadowio
github.com/sagernet/sing-shadowsocks2/shadowaead
github.com/RyuaNerin/go-krypto/internal/memory
github.com/sagernet/sing-shadowsocks2/shadowaead_2022
github.com/sagernet/sing/common/udpnat
github.com/sagernet/sing-box/transport/openconnect
github.com/RyuaNerin/go-krypto/aria
github.com/sagernet/sing-shadowsocks2/shadowstream
github.com/sagernet/sing-shadowsocks
github.com/sagernet/sing-box/transport/sip003
github.com/sagernet/sing-shadowtls
github.com/sagernet/sing-shadowsocks2
github.com/sagernet/sing-box/protocol/shadowsocks
github.com/sagernet/sing-shadowsocks/shadowaead
github.com/RyuaNerin/go-krypto/internal/golang.org/x/sys/cpu
github.com/dgryski/go-camellia
github.com/sagernet/sing/common/udpnat
github.com/sagernet/sing-box/protocol/shadowtls
github.com/sagernet/sing-shadowsocks
github.com/RyuaNerin/go-krypto/seed
github.com/sagernet/sing-openvpn/proto
github.com/klauspost/cpuid/v2
github.com/tjfoc/gmsm/sm4
github.com/sagernet/sing-shadowsocks/shadowaead
golang.org/x/crypto/cast5
github.com/sagernet/sing-box/protocol/openvpn
golang.org/x/crypto/ripemd160
github.com/sagernet/sing-box/protocol/redirect
github.com/sagernet/sing-openvpn
github.com/sagernet/sing-box/protocol/openvpn
golang.org/x/crypto/argon2
github.com/sagernet/sing-snell
lukechampine.com/blake3/guts
github.com/klauspost/cpuid/v2
github.com/sagernet/sing-box/protocol/socks
github.com/sagernet/sing-snell/internal/reuse
lukechampine.com/blake3/bao
github.com/sagernet/sing-snell/snellv4
lukechampine.com/blake3
github.com/sagernet/sing-shadowsocks/shadowaead_2022
github.com/sagernet/sing-box/protocol/openconnect
github.com/sagernet/sing-snell/snellv5
lukechampine.com/blake3/guts
github.com/sagernet/sing-snell/snellv6
lukechampine.com/blake3/bao
github.com/sagernet/sing-box/transport/openconnect
lukechampine.com/blake3
github.com/sagernet/sing-box/common/mux
github.com/sagernet/sing-shadowsocks/shadowaead_2022
github.com/sagernet/sing-shadowsocks2/cipher
github.com/sagernet/sing/common/random
github.com/sagernet/sing-shadowsocks2/internal/legacykey
github.com/sagernet/sing-box/transport/simple-obfs
github.com/sagernet/sing-box/protocol/ssh
github.com/sagernet/sing-shadowsocks2/internal/shadowio
github.com/sagernet/sing-shadowsocks2/shadowstream
github.com/sagernet/sing-shadowsocks2/shadowaead
github.com/sagernet/sing-box/transport/v2raygrpclite
github.com/sagernet/sing-shadowsocks2/shadowaead_2022
github.com/sagernet/sing-shadowsocks2/cipher
github.com/sagernet/sing-shadowtls
github.com/creack/pty
github.com/sagernet/sing-shadowsocks2/internal/legacykey
github.com/sagernet/sing-shadowsocks2/internal/shadowio
github.com/sagernet/sing-box/transport/v2rayhttpupgrade
github.com/kr/fs
github.com/pkg/sftp/internal/encoding/ssh/filexfer
github.com/sagernet/sing-shadowsocks2
github.com/anmitsu/go-shlex
github.com/sagernet/sing-shadowsocks2/shadowaead
github.com/sagernet/sing-box/transport/openconnect
github.com/sagernet/sing-box/protocol/shadowsocks
github.com/sagernet/gliderssh
github.com/sagernet/sing-box/protocol/snell
github.com/sagernet/sing-shadowsocks2/shadowaead_2022
github.com/sagernet/sing-box/transport/v2raywebsocket
github.com/sagernet/sing-box/protocol/shadowtls
github.com/sagernet/sing-shadowsocks2/shadowstream
github.com/pkg/sftp/internal/encoding/ssh/filexfer/openssh
github.com/sagernet/sing-shadowtls
github.com/sagernet/sing-box/transport/v2ray
github.com/sagernet/sing-shadowsocks2
github.com/sagernet/tailscale/internal/godown/std/reflect
github.com/pkg/sftp
github.com/sagernet/sing-box/protocol/shadowsocks
github.com/sagernet/tailscale/syncs
github.com/sagernet/tailscale/internal/godown/github.com/go-json-experiment/json/internal
github.com/sagernet/tailscale/internal/godown/github.com/go-json-experiment/json/internal/jsonflags
github.com/sagernet/tailscale/internal/godown/github.com/go-json-experiment/json/internal/jsonopts
github.com/sagernet/tailscale/internal/godown/github.com/go-json-experiment/json/internal/jsonwire
github.com/sagernet/sing-box/protocol/shadowtls
github.com/sagernet/sing-box/transport/sip003
github.com/sagernet/tailscale/internal/godown/github.com/go-json-experiment/json/jsontext
golang.org/x/crypto/argon2
github.com/sagernet/sing-snell
hash/maphash
github.com/sagernet/sing-box/protocol/openconnect
go4.org/mem
github.com/sagernet/sing/common/udpnat
github.com/sagernet/tailscale/util/vizerror
github.com/sagernet/tailscale/types/ipproto
github.com/sagernet/sing-shadowsocks
github.com/sagernet/sing-snell/internal/reuse
github.com/sagernet/tailscale/util/bufiox
github.com/sagernet/tailscale/types/lazy
github.com/sagernet/sing-snell/snellv4
github.com/sagernet/tailscale/util/testenv
golang.org/x/crypto/argon2
golang.org/x/crypto/nacl/secretbox
golang.org/x/crypto/nacl/box
github.com/sagernet/sing-snell
github.com/sagernet/tailscale/util/dnsname
github.com/sagernet/sing-snell/snellv5
github.com/sagernet/tailscale/util/slicesx
github.com/sagernet/tailscale/kube/kubetypes
github.com/sagernet/tailscale/internal/godown/github.com/go-json-experiment/json
github.com/sagernet/tailscale
github.com/sagernet/tailscale/util/lineiter
github.com/sagernet/sing-shadowsocks/shadowaead
github.com/sagernet/tailscale/version/distro
github.com/sagernet/sing-box/protocol/socks
github.com/sagernet/tailscale/tsconst
github.com/sagernet/sing-snell/internal/reuse
github.com/sagernet/tailscale/tstime
github.com/sagernet/tailscale/util/cibuild
github.com/sagernet/sing-box/protocol/openconnect
github.com/sagernet/tailscale/util/ctxkey
github.com/sagernet/sing-snell/snellv4
github.com/sagernet/tailscale/util/dirwalk
github.com/sagernet/tailscale/net/dns/publicdns
github.com/sagernet/tailscale/metrics
github.com/sagernet/sing-snell/snellv6
github.com/sagernet/tailscale/net/dns/resolvconffile
github.com/sagernet/tailscale/net/netx
github.com/sagernet/sing-box/protocol/openvpn
github.com/sagernet/tailscale/util/cloudenv
github.com/sagernet/tailscale/util/singleflight
golang.org/x/net/dns/dnsmessage
github.com/sagernet/sing-box/protocol/socks
github.com/sagernet/tailscale/net/netaddr
github.com/sagernet/tailscale/net/neterror
github.com/klauspost/cpuid/v2
github.com/gaissmai/bart/internal/value
github.com/sagernet/sing-snell/snellv5
github.com/gaissmai/bart/internal/nodes
github.com/sagernet/sing-snell/snellv6
github.com/sagernet/sing-box/protocol/ssh
github.com/sagernet/sing-box/protocol/ssh
github.com/gaissmai/bart
github.com/sagernet/tailscale/net/netknob
github.com/sagernet/tailscale/types/nettype
github.com/sagernet/tailscale/util/race
github.com/sagernet/tailscale/util/hashx
github.com/sagernet/tailscale/feature/serviceclientprefs/serviceclient
github.com/sagernet/tailscale/atomicfile
github.com/x448/float16
github.com/fxamacker/cbor/v2
github.com/creack/pty
github.com/kr/fs
github.com/creack/pty
lukechampine.com/blake3/guts
github.com/pkg/sftp/internal/encoding/ssh/filexfer
github.com/kr/fs
github.com/sagernet/sing-box/protocol/snell
github.com/pkg/sftp/internal/encoding/ssh/filexfer
github.com/anmitsu/go-shlex
github.com/anmitsu/go-shlex
github.com/sagernet/gliderssh
github.com/sagernet/gliderssh
lukechampine.com/blake3/bao
github.com/sagernet/cronet-go/all
github.com/sagernet/sing-box/protocol/naive
lukechampine.com/blake3
github.com/sagernet/sing-shadowsocks/shadowaead_2022
filippo.io/edwards25519/field
github.com/pkg/sftp/internal/encoding/ssh/filexfer/openssh
filippo.io/edwards25519
github.com/sagernet/tailscale/internal/godown/std/reflect
github.com/pkg/sftp/internal/encoding/ssh/filexfer/openssh
github.com/sagernet/sing-box/protocol/snell
github.com/sagernet/tailscale/internal/godown/std/reflect
github.com/sagernet/tailscale/syncs
github.com/pkg/sftp
github.com/sagernet/tailscale/syncs
github.com/pkg/sftp
github.com/sagernet/tailscale/internal/godown/github.com/go-json-experiment/json/internal
github.com/sagernet/tailscale/internal/godown/github.com/go-json-experiment/json/internal/jsonflags
github.com/sagernet/tailscale/internal/godown/github.com/go-json-experiment/json/internal
github.com/sagernet/tailscale/internal/godown/github.com/go-json-experiment/json/internal/jsonflags
github.com/sagernet/tailscale/internal/godown/github.com/go-json-experiment/json/internal/jsonopts
github.com/sagernet/tailscale/internal/godown/github.com/go-json-experiment/json/internal/jsonopts
github.com/sagernet/tailscale/internal/godown/github.com/go-json-experiment/json/internal/jsonwire
github.com/sagernet/tailscale/internal/godown/github.com/go-json-experiment/json/internal/jsonwire
github.com/hdevalence/ed25519consensus
github.com/sagernet/tailscale/types/views
github.com/sagernet/tailscale/types/opt
github.com/sagernet/tailscale/types/dnstype
github.com/sagernet/tailscale/internal/godown/github.com/go-json-experiment/json/jsontext
github.com/sagernet/tailscale/util/set
github.com/sagernet/sing-shadowsocks2/cipher
github.com/sagernet/sing-box/transport/openconnect
github.com/sagernet/tailscale/internal/godown/github.com/go-json-experiment/json/jsontext
github.com/sagernet/sing-box/protocol/naive/quic
github.com/sagernet/tailscale/types/key
hash/maphash
github.com/sagernet/tailscale/internal/godown/github.com/go-json-experiment/json/v1
go4.org/mem
github.com/sagernet/sing-shadowsocks2/internal/legacykey
github.com/sagernet/sing-shadowsocks2/internal/shadowio
github.com/sagernet/tailscale/util/vizerror
github.com/sagernet/tailscale/types/ipproto
github.com/sagernet/sing-shadowsocks2/shadowstream
github.com/sagernet/sing-shadowsocks2/shadowaead
github.com/sagernet/tailscale/util/bufiox
github.com/sagernet/tailscale/types/lazy
github.com/sagernet/tailscale/net/tsaddr
github.com/sagernet/tailscale/util/testenv
github.com/sagernet/tailscale/util/clientmetric
github.com/sagernet/sing-shadowsocks2/shadowaead_2022
golang.org/x/crypto/nacl/secretbox
github.com/sagernet/sing-shadowtls
golang.org/x/crypto/nacl/box
github.com/sagernet/tailscale/util/dnsname
github.com/sagernet/tailscale/util/deephash
golang.org/x/crypto/blake2s
github.com/sagernet/tailscale/util/slicesx
github.com/sagernet/tailscale/tailcfg
github.com/sagernet/tailscale/kube/kubetypes
hash/maphash
github.com/sagernet/tailscale
github.com/sagernet/tailscale/types/preftype
go4.org/mem
github.com/sagernet/tailscale/util/lineiter
github.com/sagernet/tailscale/internal/godown/std/net/netip
github.com/sagernet/tailscale/net/routecheck/peernode
github.com/sagernet/tailscale/internal/godown/github.com/go-json-experiment/json
github.com/sagernet/tailscale/net/udprelay/status
github.com/sagernet/tailscale/version/distro
github.com/sagernet/sing-shadowsocks2
github.com/sagernet/tailscale/control/controlbase
github.com/sagernet/tailscale/net/bakedroots
github.com/sagernet/tailscale/net/tlsdial/blockblame
github.com/sagernet/sing-box/protocol/shadowsocks
github.com/sagernet/tailscale/util/vizerror
github.com/sagernet/tailscale/types/ipproto
github.com/sagernet/tailscale/types/logid
github.com/sagernet/tailscale/tsconst
github.com/sagernet/sing-box/protocol/shadowtls
github.com/sagernet/tailscale/util/bufiox
github.com/sagernet/tailscale/types/events
github.com/sagernet/tailscale/tstime
github.com/sagernet/tailscale/util/execqueue
github.com/sagernet/tailscale/types/lazy
github.com/sagernet/tailscale/util/cibuild
github.com/sagernet/tailscale/util/zstdframe
github.com/sagernet/tailscale/net/flowtrack
github.com/sagernet/tailscale/util/ctxkey
github.com/sagernet/tailscale/util/dirwalk
github.com/sagernet/tailscale/internal/godown/github.com/go-json-experiment/json
github.com/sagernet/tailscale/net/ipset
github.com/sagernet/tailscale/util/testenv
github.com/sagernet/tailscale/net/dns/publicdns
github.com/sagernet/tailscale/metrics
golang.org/x/crypto/nacl/secretbox
github.com/sagernet/tailscale/net/dns/resolvconffile
golang.org/x/crypto/nacl/box
github.com/sagernet/tailscale/util/dnsname
github.com/sagernet/tailscale/net/packet
github.com/sagernet/tailscale/util/slicesx
github.com/sagernet/tailscale/net/netx
github.com/sagernet/tailscale/kube/kubetypes
github.com/sagernet/tailscale
github.com/sagernet/tailscale/util/lineiter
github.com/sagernet/tailscale/tsconst
github.com/sagernet/tailscale/tstime/mono
github.com/sagernet/tailscale/tstime
github.com/sagernet/tailscale/util/cloudenv
github.com/sagernet/tailscale/version/distro
github.com/sagernet/tailscale/tstime/rate
github.com/sagernet/tailscale/util/singleflight
github.com/sagernet/tailscale/util/groupmember
golang.org/x/net/dns/dnsmessage
github.com/sagernet/tailscale/util/cibuild
github.com/sagernet/tailscale/util/ctxkey
github.com/sagernet/tailscale/util/winutil
github.com/sagernet/tailscale/net/netaddr
github.com/sagernet/tailscale/util/dirwalk
github.com/tailscale/peercred
github.com/sagernet/tailscale/net/dns/publicdns
github.com/sagernet/tailscale/net/neterror
github.com/sagernet/tailscale/omit
github.com/sagernet/tailscale/net/packet/checksum
github.com/sagernet/tailscale/types/netlogfunc
github.com/sagernet/tailscale/wgengine/netstack/gro
github.com/sagernet/wireguard-go/conn
github.com/sagernet/tailscale/metrics
github.com/gaissmai/bart/internal/value
github.com/sagernet/tailscale/net/dns/resolvconffile
github.com/gaissmai/bart/internal/nodes
github.com/sagernet/tailscale/net/netx
github.com/sagernet/wireguard-go/rwcancel
github.com/sagernet/tailscale/util/cloudenv
golang.org/x/crypto/argon2
github.com/sagernet/wireguard-go/ipc
github.com/gaissmai/bart
github.com/sagernet/sing-snell
github.com/sagernet/wireguard-go/ratelimiter
github.com/sagernet/tailscale/net/netknob
github.com/sagernet/tailscale/util/singleflight
golang.org/x/net/dns/dnsmessage
github.com/sagernet/tailscale/types/nettype
github.com/sagernet/wireguard-go/tai64n
github.com/sagernet/tailscale/net/netaddr
github.com/sagernet/tailscale/util/race
golang.org/x/crypto/poly1305
github.com/sagernet/tailscale/proxymap
github.com/sagernet/wireguard-go/tun
github.com/sagernet/tailscale/util/hashx
github.com/sagernet/tailscale/feature/condlite/expvar
golang.org/x/net/icmp
github.com/sagernet/tailscale/feature/serviceclientprefs/serviceclient
github.com/sagernet/tailscale/net/stun
github.com/sagernet/tailscale/net/neterror
github.com/sagernet/tailscale/atomicfile
github.com/x448/float16
github.com/sagernet/tailscale/net/sockopts
github.com/gaissmai/bart/internal/value
github.com/fxamacker/cbor/v2
github.com/sagernet/sing-snell/internal/reuse
github.com/gaissmai/bart/internal/nodes
github.com/sagernet/tailscale/net/udprelay/endpoint
github.com/sagernet/tailscale/tempfork/heap
github.com/sagernet/tailscale/util/rands
github.com/sagernet/sing-snell/snellv4
github.com/sagernet/tailscale/util/ringlog
github.com/sagernet/sing-box/protocol/openconnect
github.com/pires/go-proxyproto
github.com/sagernet/tailscale/envknob/featureknob
github.com/sagernet/tailscale/logtail/filch
golang.org/x/term
github.com/sagernet/cronet-go/all
github.com/sagernet/tailscale/net/netknob
github.com/gaissmai/bart
github.com/sagernet/sing-box/protocol/naive
github.com/sagernet/sing-snell/snellv5
github.com/sagernet/tailscale/types/nettype
github.com/sagernet/wireguard-go/device
github.com/sagernet/tailscale/util/race
github.com/sagernet/tailscale/util/hashx
github.com/sagernet/tailscale/util/goroutines
github.com/sagernet/tailscale/util/osuser
github.com/sagernet/tailscale/feature/serviceclientprefs/serviceclient
github.com/sagernet/tailscale/atomicfile
github.com/sagernet/tailscale/tempfork/acme
github.com/sagernet/cronet-go/all
github.com/x448/float16
github.com/sagernet/tailscale/tempfork/httprec
github.com/sagernet/sing-box/protocol/naive
github.com/fxamacker/cbor/v2
golang.org/x/oauth2/internal
filippo.io/edwards25519/field
github.com/sagernet/sing-snell/snellv6
golang.org/x/oauth2
filippo.io/edwards25519
golang.org/x/net/http/httpproxy
golang.org/x/oauth2/clientcredentials
github.com/sagernet/tailscale/net/tshttpproxy
github.com/sagernet/tailscale/util/def
github.com/sagernet/tailscale/net/memnet
github.com/sagernet/tailscale/types/views
github.com/sagernet/sing-box/protocol/socks
github.com/sagernet/tailscale/net/proxymux
github.com/sagernet/sing-box/protocol/naive/quic
github.com/sagernet/tailscale/types/dnstype
github.com/sagernet/tailscale/util/httphdr
github.com/cretz/bine/torutil/ed25519/internal/edwards25519
github.com/sagernet/tailscale/types/views
github.com/sagernet/tailscale/types/opt
golang.org/x/net/internal/socks
github.com/sagernet/tailscale/control/controlknobs
github.com/sagernet/tailscale/internal/godown/github.com/go-json-experiment/json/v1
github.com/sagernet/tailscale/util/set
github.com/sagernet/tailscale/types/dnstype
github.com/sagernet/tailscale/types/opt
github.com/sagernet/tailscale/version
github.com/sagernet/tailscale/types/persist
github.com/sagernet/tailscale/internal/godown/github.com/go-json-experiment/json/v1
github.com/sagernet/tailscale/types/key
github.com/sagernet/sing-box/protocol/naive/quic
github.com/sagernet/tailscale/util/set
github.com/sagernet/tailscale/types/key
github.com/sagernet/tailscale/client/tailscale/apitype
github.com/sagernet/tailscale/net/tsaddr
github.com/sagernet/tailscale/wgengine/filter/filtertype
github.com/sagernet/tailscale/net/traffic
github.com/sagernet/sing-box/protocol/ssh
github.com/sagernet/tailscale/envknob
github.com/sagernet/tailscale/util/clientmetric
github.com/creack/pty
github.com/sagernet/tailscale/util/syspolicy/internal
github.com/sagernet/tailscale/net/tsaddr
github.com/kr/fs
github.com/sagernet/tailscale/util/syspolicy/setting
github.com/pkg/sftp/internal/encoding/ssh/filexfer
github.com/sagernet/tailscale/util/deephash
github.com/sagernet/tailscale/tailcfg
github.com/sagernet/tailscale/types/logger
github.com/hdevalence/ed25519consensus
golang.org/x/crypto/blake2s
github.com/sagernet/tailscale/types/preftype
github.com/sagernet/tailscale/util/clientmetric
github.com/sagernet/tailscale/internal/godown/std/net/netip
github.com/sagernet/tailscale/net/routecheck/peernode
github.com/sagernet/tailscale/net/udprelay/status
github.com/sagernet/tailscale/tailcfg
github.com/sagernet/tailscale/control/controlbase
github.com/sagernet/tailscale/net/bakedroots
github.com/sagernet/tailscale/util/eventbus
github.com/sagernet/sing-box/protocol/snell
github.com/sagernet/tailscale/net/tlsdial/blockblame
github.com/sagernet/tailscale/util/deephash
github.com/anmitsu/go-shlex
github.com/sagernet/tailscale/types/logid
github.com/sagernet/tailscale/types/events
github.com/sagernet/tailscale/util/execqueue
github.com/sagernet/gliderssh
github.com/sagernet/tailscale/util/zstdframe
github.com/sagernet/tailscale/tsweb/varz
github.com/pkg/sftp/internal/encoding/ssh/filexfer/openssh
filippo.io/edwards25519/field
github.com/sagernet/tailscale/net/flowtrack
github.com/sagernet/tailscale/net/ipset
golang.org/x/crypto/blake2s
github.com/pkg/sftp
github.com/sagernet/tailscale/net/packet
filippo.io/edwards25519
github.com/sagernet/tailscale/feature
github.com/sagernet/tailscale/types/preftype
github.com/sagernet/tailscale/net/dnscache
github.com/sagernet/tailscale/internal/godown/std/net/netip
github.com/sagernet/tailscale/tstime/mono
github.com/sagernet/tailscale/net/routecheck/peernode
github.com/sagernet/tailscale/tstime/rate
github.com/sagernet/tailscale/net/udprelay/status
github.com/sagernet/tailscale/hostinfo
github.com/sagernet/tailscale/control/controlbase
github.com/sagernet/tailscale/util/groupmember
github.com/sagernet/tailscale/util/winutil
github.com/tailscale/peercred
github.com/sagernet/tailscale/omit
github.com/sagernet/tailscale/util/syspolicy/policyclient
github.com/sagernet/tailscale/net/packet/checksum
github.com/sagernet/tailscale/types/netlogfunc
github.com/sagernet/tailscale/wgengine/netstack/gro
github.com/hdevalence/ed25519consensus
github.com/sagernet/tailscale/internal/godown/std/reflect
github.com/sagernet/tailscale/drive
github.com/sagernet/wireguard-go/conn
github.com/sagernet/tailscale/net/bakedroots
github.com/sagernet/tailscale/net/tlsdial/blockblame
github.com/sagernet/tailscale/syncs
github.com/sagernet/tailscale/types/logid
github.com/sagernet/tailscale/types/events
github.com/sagernet/tailscale/util/usermetric
github.com/sagernet/tailscale/tka
github.com/sagernet/tailscale/util/execqueue
github.com/sagernet/tailscale/util/zstdframe
github.com/sagernet/tailscale/paths
github.com/sagernet/tailscale/net/flowtrack
github.com/sagernet/wireguard-go/rwcancel
github.com/sagernet/tailscale/net/ipset
github.com/sagernet/tailscale/net/packet
github.com/sagernet/tailscale/safesocket
github.com/sagernet/wireguard-go/ipc
github.com/sagernet/tailscale/internal/godown/github.com/go-json-experiment/json/internal
github.com/sagernet/tailscale/types/appctype
github.com/sagernet/tailscale/net/netmon
github.com/sagernet/tailscale/internal/godown/github.com/go-json-experiment/json/internal/jsonflags
github.com/sagernet/wireguard-go/ratelimiter
github.com/sagernet/tailscale/logtail
github.com/sagernet/wireguard-go/tai64n
github.com/sagernet/tailscale/internal/godown/github.com/go-json-experiment/json/internal/jsonopts
golang.org/x/crypto/poly1305
github.com/sagernet/tailscale/proxymap
github.com/sagernet/wireguard-go/tun
github.com/sagernet/tailscale/internal/godown/github.com/go-json-experiment/json/internal/jsonwire
github.com/sagernet/tailscale/feature/condlite/expvar
golang.org/x/net/icmp
github.com/sagernet/tailscale/tstime/mono
github.com/sagernet/tailscale/util/groupmember
github.com/sagernet/tailscale/tstime/rate
github.com/sagernet/tailscale/util/winutil
github.com/sagernet/tailscale/health
github.com/tailscale/peercred
github.com/sagernet/tailscale/omit
github.com/sagernet/tailscale/net/packet/checksum
github.com/sagernet/tailscale/internal/godown/github.com/go-json-experiment/json/jsontext
hash/maphash
github.com/sagernet/tailscale/net/stun
github.com/sagernet/tailscale/types/netlogfunc
github.com/sagernet/tailscale/wgengine/netstack/gro
github.com/sagernet/wireguard-go/conn
go4.org/mem
github.com/sagernet/tailscale/util/backoff
github.com/sagernet/tailscale/net/sockopts
github.com/sagernet/tailscale/net/udprelay/endpoint
github.com/sagernet/tailscale/wgengine/filter
github.com/sagernet/tailscale/tempfork/heap
github.com/sagernet/tailscale/util/rands
github.com/sagernet/tailscale/util/ringlog
github.com/pires/go-proxyproto
github.com/sagernet/tailscale/envknob/featureknob
github.com/sagernet/tailscale/util/vizerror
github.com/sagernet/wireguard-go/device
github.com/sagernet/tailscale/logtail/filch
github.com/sagernet/wireguard-go/rwcancel
golang.org/x/term
github.com/sagernet/tailscale/types/ipproto
github.com/sagernet/wireguard-go/ratelimiter
github.com/sagernet/wireguard-go/ipc
github.com/sagernet/tailscale/util/bufiox
github.com/sagernet/tailscale/ipn/ipnstate
github.com/sagernet/wireguard-go/tai64n
github.com/sagernet/tailscale/types/lazy
github.com/sagernet/wireguard-go/tun
golang.org/x/crypto/poly1305
github.com/sagernet/tailscale/util/goroutines
github.com/sagernet/tailscale/util/testenv
github.com/sagernet/tailscale/util/osuser
github.com/sagernet/tailscale/proxymap
github.com/sagernet/tailscale/tempfork/acme
github.com/sagernet/tailscale/feature/condlite/expvar
golang.org/x/crypto/nacl/secretbox
golang.org/x/net/icmp
github.com/sagernet/tailscale/tempfork/httprec
golang.org/x/crypto/nacl/box
github.com/sagernet/tailscale/net/stun
github.com/sagernet/tailscale/types/netmap
github.com/sagernet/tailscale/util/dnsname
golang.org/x/oauth2/internal
github.com/sagernet/tailscale/net/sockstats
github.com/sagernet/tailscale/util/slicesx
github.com/sagernet/tailscale/net/netns
github.com/sagernet/tailscale/kube/kubetypes
github.com/sagernet/tailscale/net/sockopts
github.com/sagernet/tailscale
github.com/sagernet/tailscale/util/lineiter
github.com/sagernet/tailscale/tsconst
golang.org/x/oauth2
github.com/sagernet/tailscale/tstime
github.com/sagernet/tailscale/net/udprelay/endpoint
github.com/sagernet/wireguard-go/device
github.com/sagernet/tailscale/tempfork/heap
github.com/sagernet/tailscale/version/distro
github.com/sagernet/tailscale/util/rands
github.com/sagernet/tailscale/util/ringlog
github.com/sagernet/tailscale/internal/godown/github.com/go-json-experiment/json
github.com/pires/go-proxyproto
github.com/sagernet/tailscale/envknob/featureknob
github.com/sagernet/tailscale/util/cibuild
github.com/sagernet/tailscale/control/controlknobs
github.com/sagernet/tailscale/logtail/filch
github.com/sagernet/tailscale/version
golang.org/x/term
github.com/sagernet/tailscale/util/ctxkey
github.com/sagernet/tailscale/types/persist
github.com/sagernet/tailscale/util/dirwalk
github.com/sagernet/tailscale/client/tailscale/apitype
github.com/sagernet/tailscale/net/netutil
github.com/sagernet/tailscale/net/dns/publicdns
github.com/sagernet/tailscale/disco
github.com/sagernet/tailscale/net/dns/resolvconffile
github.com/sagernet/tailscale/wgengine/filter/filtertype
github.com/sagernet/tailscale/util/goroutines
github.com/sagernet/tailscale/net/tsdial
github.com/sagernet/tailscale/metrics
github.com/sagernet/tailscale/util/osuser
github.com/sagernet/tailscale/envknob
github.com/sagernet/tailscale/tempfork/acme
github.com/sagernet/tailscale/net/netx
github.com/sagernet/tailscale/tempfork/httprec
github.com/sagernet/tailscale/util/syspolicy/internal
github.com/sagernet/tailscale/sessionrecording
github.com/sagernet/tailscale/net/tlsdial
golang.org/x/oauth2/internal
github.com/sagernet/tailscale/util/syspolicy/setting
github.com/sagernet/tailscale/util/cloudenv
github.com/sagernet/tailscale/types/logger
golang.org/x/oauth2
github.com/sagernet/tailscale/control/controlknobs
github.com/sagernet/tailscale/net/routemanager
github.com/sagernet/tailscale/util/eventbus
github.com/sagernet/tailscale/version
github.com/sagernet/tailscale/util/singleflight
github.com/sagernet/tailscale/types/persist
golang.org/x/net/dns/dnsmessage
github.com/sagernet/tailscale/net/netaddr
github.com/sagernet/tailscale/client/tailscale/apitype
github.com/sagernet/tailscale/tsweb/varz
github.com/sagernet/tailscale/net/neterror
github.com/sagernet/tailscale/wgengine/filter/filtertype
github.com/sagernet/tailscale/feature
github.com/gaissmai/bart/internal/value
github.com/sagernet/tailscale/envknob
github.com/gaissmai/bart/internal/nodes
github.com/sagernet/tailscale/util/syspolicy/internal
github.com/sagernet/tailscale/util/syspolicy/setting
github.com/sagernet/tailscale/types/logger
github.com/sagernet/tailscale/net/dnscache
github.com/gaissmai/bart
github.com/sagernet/tailscale/hostinfo
github.com/sagernet/tailscale/util/syspolicy/policyclient
github.com/sagernet/tailscale/net/netknob
github.com/sagernet/tailscale/util/usermetric
github.com/sagernet/tailscale/types/nettype
github.com/sagernet/tailscale/control/controlhttp
github.com/sagernet/tailscale/util/race
github.com/sagernet/tailscale/drive
github.com/sagernet/tailscale/hostinfo
github.com/sagernet/tailscale/util/eventbus
github.com/sagernet/tailscale/util/hashx
github.com/sagernet/tailscale/ipn
github.com/sagernet/tailscale/tka
github.com/sagernet/tailscale/feature/serviceclientprefs/serviceclient
github.com/sagernet/tailscale/net/traffic
github.com/sagernet/tailscale/atomicfile
github.com/sagernet/tailscale/tsweb/varz
github.com/sagernet/tailscale/net/dns/resolver
github.com/sagernet/tailscale/net/netmon
github.com/x448/float16
github.com/sagernet/tailscale/health
github.com/fxamacker/cbor/v2
github.com/sagernet/tailscale/feature
github.com/sagernet/tailscale/net/dnscache
filippo.io/edwards25519/field
github.com/sagernet/tailscale/util/syspolicy/policyclient
filippo.io/edwards25519
github.com/sagernet/tailscale/drive
github.com/sagernet/tailscale/net/netmon
github.com/sagernet/tailscale/util/usermetric
github.com/sagernet/tailscale/ipn/ipnstate
github.com/sagernet/tailscale/tka
github.com/sagernet/tailscale/types/netmap
github.com/sagernet/tailscale/types/views
github.com/sagernet/tailscale/net/traffic
github.com/sagernet/tailscale/types/dnstype
github.com/sagernet/tailscale/util/set
github.com/sagernet/tailscale/health
github.com/sagernet/tailscale/net/sockstats
github.com/sagernet/tailscale/types/opt
github.com/sagernet/cronet-go/all
github.com/sagernet/tailscale/types/key
github.com/sagernet/tailscale/net/netns
github.com/sagernet/sing-box/protocol/naive
github.com/sagernet/tailscale/net/routecheck
github.com/sagernet/tailscale/internal/godown/github.com/go-json-experiment/json/v1
github.com/sagernet/tailscale/net/netutil
github.com/sagernet/tailscale/net/tsaddr
github.com/sagernet/tailscale/ipn/ipnstate
github.com/sagernet/tailscale/net/sockstats
github.com/sagernet/tailscale/net/netns
github.com/sagernet/tailscale/paths
github.com/sagernet/tailscale/safesocket
github.com/sagernet/tailscale/net/tsdial
github.com/sagernet/tailscale/util/clientmetric
github.com/sagernet/tailscale/sessionrecording
github.com/sagernet/tailscale/tailcfg
github.com/sagernet/tailscale/net/netutil
github.com/sagernet/tailscale/types/appctype
github.com/sagernet/tailscale/control/ts2021
github.com/sagernet/tailscale/net/tlsdial
github.com/sagernet/tailscale/logtail
github.com/sagernet/tailscale/types/netmap
github.com/sagernet/tailscale/util/deephash
github.com/hdevalence/ed25519consensus
github.com/sagernet/tailscale/sessionrecording
golang.org/x/crypto/blake2s
github.com/sagernet/tailscale/net/tsdial
github.com/sagernet/sing-box/protocol/naive/quic
github.com/sagernet/tailscale/types/preftype
github.com/sagernet/tailscale/internal/godown/std/net/netip
github.com/sagernet/tailscale/net/routecheck/peernode
github.com/sagernet/tailscale/paths
github.com/sagernet/tailscale/util/backoff
github.com/sagernet/tailscale/net/udprelay/status
github.com/sagernet/tailscale/wgengine/filter
github.com/sagernet/tailscale/control/controlbase
github.com/sagernet/tailscale/safesocket
github.com/sagernet/tailscale/types/appctype
github.com/sagernet/tailscale/ipn
github.com/sagernet/tailscale/logtail
github.com/sagernet/tailscale/net/bakedroots
github.com/sagernet/tailscale/net/tlsdial
github.com/sagernet/tailscale/net/tlsdial/blockblame
github.com/sagernet/tailscale/types/logid
github.com/sagernet/tailscale/types/events
github.com/sagernet/tailscale/util/execqueue
github.com/sagernet/tailscale/util/zstdframe
github.com/sagernet/tailscale/net/flowtrack
github.com/sagernet/tailscale/net/routecheck
github.com/sagernet/tailscale/net/ipset
github.com/sagernet/tailscale/util/backoff
github.com/sagernet/tailscale/wgengine/filter
github.com/sagernet/tailscale/control/controlhttp
github.com/sagernet/tailscale/wgengine/wgcfg
github.com/sagernet/tailscale/client/local
github.com/sagernet/tailscale/net/packet
github.com/sagernet/tailscale/tstime/mono
github.com/sagernet/tailscale/net/dns
github.com/sagernet/tailscale/tstime/rate
github.com/sagernet/tailscale/ipn/ipnauth
github.com/sagernet/tailscale/net/dns/resolver
github.com/sagernet/tailscale/util/groupmember
github.com/sagernet/tailscale/util/winutil
github.com/tailscale/peercred
github.com/sagernet/tailscale/omit
github.com/sagernet/tailscale/net/packet/checksum
github.com/sagernet/tailscale/disco
github.com/sagernet/tailscale/types/netlogfunc
github.com/sagernet/tailscale/wgengine/netstack/gro
github.com/sagernet/wireguard-go/conn
github.com/sagernet/tailscale/ipn/conffile
github.com/sagernet/tailscale/net/routemanager
github.com/sagernet/tailscale/ipn
github.com/sagernet/tailscale/net/routecheck
github.com/sagernet/wireguard-go/rwcancel
github.com/sagernet/tailscale/net/dns/resolver
github.com/sagernet/wireguard-go/ratelimiter
github.com/sagernet/wireguard-go/tai64n
github.com/sagernet/wireguard-go/ipc
golang.org/x/crypto/poly1305
github.com/sagernet/wireguard-go/tun
github.com/sagernet/tailscale/proxymap
github.com/sagernet/tailscale/control/controlclient
github.com/sagernet/tailscale/feature/condlite/expvar
golang.org/x/net/icmp
github.com/sagernet/tailscale/net/stun
github.com/sagernet/tailscale/net/sockopts
github.com/sagernet/tailscale/net/udprelay/endpoint
github.com/sagernet/tailscale/control/ts2021
github.com/sagernet/tailscale/tempfork/heap
github.com/sagernet/wireguard-go/device
github.com/sagernet/tailscale/util/rands
github.com/sagernet/tailscale/util/ringlog
github.com/sagernet/tailscale/net/tstun
github.com/sagernet/tailscale/control/controlknobs
github.com/sagernet/tailscale/version
github.com/sagernet/tailscale/types/persist
github.com/sagernet/tailscale/client/tailscale/apitype
github.com/sagernet/tailscale/wgengine/filter/filtertype
github.com/sagernet/tailscale/envknob
github.com/sagernet/tailscale/disco
github.com/sagernet/tailscale/util/syspolicy/internal
github.com/sagernet/tailscale/util/syspolicy/setting
github.com/sagernet/tailscale/net/routemanager
github.com/sagernet/tailscale/types/logger
github.com/sagernet/tailscale/util/eventbus
github.com/sagernet/tailscale/tsweb/varz
github.com/sagernet/tailscale/client/local
github.com/sagernet/tailscale/derp
github.com/sagernet/tailscale/control/controlhttp
github.com/sagernet/tailscale/derp/derphttp
github.com/sagernet/tailscale/feature
github.com/sagernet/tailscale/net/dns
github.com/sagernet/tailscale/net/dnscache
github.com/sagernet/tailscale/util/usermetric
github.com/sagernet/tailscale/hostinfo
github.com/sagernet/tailscale/util/syspolicy/policyclient
github.com/sagernet/tailscale/net/batching
github.com/sagernet/tailscale/drive
github.com/sagernet/tailscale/tka
github.com/sagernet/tailscale/net/ping
github.com/sagernet/tailscale/net/traffic
github.com/sagernet/tailscale/health
github.com/sagernet/tailscale/net/portmapper/portmappertype
github.com/sagernet/tailscale/net/netmon
github.com/sagernet/tailscale/wgengine/wgcfg
github.com/sagernet/tailscale/control/controlclient
github.com/sagernet/tailscale/client/local
github.com/sagernet/tailscale/util/cloudinfo
github.com/sagernet/tailscale/ipn/ipnauth
github.com/sagernet/tailscale/wgengine/router
github.com/sagernet/tailscale/wgengine/wgint
github.com/sagernet/tailscale/net/dns
github.com/sagernet/tailscale/control/ts2021
github.com/sagernet/tailscale/wgengine/wglog
github.com/sagernet/tailscale/ipn/ipnlocal/netmapcache
github.com/sagernet/tailscale/net/netcheck
github.com/sagernet/tailscale/ipn/conffile
github.com/sagernet/tailscale/ipn/ipnstate
github.com/sagernet/tailscale/types/netmap
github.com/sagernet/tailscale/paths
github.com/sagernet/tailscale/net/sockstats
github.com/sagernet/tailscale/net/netns
github.com/sagernet/tailscale/net/netutil
github.com/sagernet/tailscale/ipn/ipnauth
github.com/sagernet/tailscale/ipn/conffile
github.com/sagernet/tailscale/ipn/store/mem
github.com/sagernet/tailscale/net/tstun
github.com/sagernet/tailscale/log/filelogger
github.com/sagernet/tailscale/sessionrecording
github.com/sagernet/tailscale/safesocket
github.com/sagernet/tailscale/logpolicy
github.com/sagernet/tailscale/wgengine/wgcfg
github.com/sagernet/tailscale/net/tsdial
github.com/sagernet/tailscale/types/appctype
github.com/sagernet/tailscale/net/tlsdial
github.com/sagernet/tailscale/logtail
github.com/sagernet/tailscale/net/tstun
github.com/sagernet/tailscale/net/dnsfallback
github.com/sagernet/tailscale/wgengine/magicsock
github.com/sagernet/tailscale/util/backoff
github.com/sagernet/tailscale/wgengine/filter
github.com/sagernet/tailscale/ipn/store
github.com/sagernet/tailscale/derp
github.com/sagernet/tailscale/net/batching
github.com/sagernet/tailscale/tsweb
github.com/sagernet/tailscale/derp/derphttp
github.com/sagernet/tailscale/net/ping
github.com/sagernet/tailscale/net/portmapper/portmappertype
github.com/sagernet/tailscale/derp
github.com/sagernet/tailscale/ipn
github.com/sagernet/tailscale/net/routecheck
github.com/sagernet/tailscale/control/controlclient
github.com/sagernet/tailscale/control/controlhttp
github.com/sagernet/tailscale/derp/derphttp
github.com/sagernet/tailscale/util/cloudinfo
github.com/sagernet/tailscale/wgengine/router
github.com/sagernet/tailscale/log/sockstatlog
github.com/sagernet/tailscale/feature/c2n
github.com/sagernet/tailscale/client/tailscale
github.com/sagernet/tailscale/wgengine/router/osrouter
github.com/sagernet/tailscale/feature/condregister/osrouter
github.com/sagernet/tailscale/net/dns/resolver
github.com/sagernet/tailscale/net/portmapper
github.com/sagernet/tailscale/net/batching
github.com/sagernet/tailscale/net/ping
github.com/sagernet/tailscale/net/netcheck
github.com/sagernet/tailscale/net/portmapper/portmappertype
github.com/sagernet/tailscale/feature/useproxy
github.com/sagernet/tailscale/wgengine/wgint
github.com/sagernet/tailscale/util/cloudinfo
github.com/sagernet/tailscale/wgengine/wglog
github.com/sagernet/tailscale/wgengine/router
github.com/sagernet/tailscale/feature/condregister/useproxy
github.com/sagernet/tailscale/ipn/ipnlocal/netmapcache
github.com/sagernet/tailscale/util/syspolicy/internal/loggerx
github.com/sagernet/tailscale/util/syspolicy/internal/metrics
github.com/sagernet/tailscale/ipn/store/mem
github.com/sagernet/tailscale/wgengine/wgint
github.com/sagernet/tailscale/control/ts2021
github.com/sagernet/tailscale/log/filelogger
github.com/sagernet/tailscale/net/netcheck
github.com/sagernet/tailscale/net/dnsfallback
github.com/sagernet/tailscale/logpolicy
github.com/sagernet/tailscale/feature/portmapper
github.com/sagernet/tailscale/wgengine/wglog
github.com/sagernet/tailscale/ipn/ipnlocal/netmapcache
github.com/sagernet/tailscale/util/syspolicy/source
github.com/sagernet/tailscale/disco
github.com/sagernet/tailscale/feature/condregister/portmapper
github.com/sagernet/tailscale/net/socks5
github.com/sagernet/tailscale/net/routemanager
github.com/sagernet/tailscale/net/udprelay
github.com/sagernet/tailscale/internal/client/tailscale
github.com/sagernet/tailscale/util/syspolicy/rsop
github.com/sagernet/tailscale/wgengine/magicsock
github.com/sagernet/tailscale/ipn/store/mem
github.com/sagernet/tailscale/log/filelogger
github.com/sagernet/tailscale/logpolicy
github.com/sagernet/tailscale/feature/oauthkey
github.com/sagernet/tailscale/feature/condregister/oauthkey
github.com/cretz/bine/torutil/ed25519
github.com/sagernet/tailscale/ipn/store
github.com/cretz/bine/torutil
github.com/cretz/bine/control
github.com/sagernet/tailscale/tsweb
github.com/cretz/bine/process
github.com/sagernet/tailscale/client/local
github.com/sagernet/tailscale/feature/c2n
golang.org/x/net/proxy
github.com/sagernet/tailscale/log/sockstatlog
github.com/sagernet/tailscale/wgengine/magicsock
github.com/sagernet/sing-box/common/proxybridge
github.com/sagernet/tailscale/client/tailscale
github.com/sagernet/sing-box/transport/trojan
github.com/cretz/bine/tor
github.com/sagernet/sing-box/protocol/trojan
github.com/sagernet/tailscale/net/dnsfallback
github.com/sagernet/sing-box/protocol/tor
golang.org/x/oauth2/clientcredentials
github.com/sagernet/tailscale/wgengine/router/osrouter
github.com/sagernet/tailscale/net/dns
github.com/sagernet/sing-box/protocol/tun
github.com/sagernet/tailscale/feature/condregister/osrouter
github.com/sagernet/tailscale/net/portmapper
github.com/sagernet/tailscale/control/controlclient
github.com/sagernet/sing-vmess/packetaddr
github.com/sagernet/tailscale/log/sockstatlog
github.com/sagernet/sing-vmess/vless
golang.org/x/net/http/httpproxy
github.com/sagernet/tailscale/net/tshttpproxy
github.com/sagernet/sing-box/protocol/vmess
github.com/sagernet/tailscale/feature/useproxy
github.com/sagernet/tailscale/feature/condregister/useproxy
github.com/sagernet/tailscale/util/def
github.com/sagernet/tailscale/util/syspolicy/internal/loggerx
github.com/sagernet/sing-box/protocol/vless
github.com/sagernet/tailscale/util/syspolicy/internal/metrics
github.com/sagernet/tailscale/wgengine
github.com/sagernet/tailscale/util/syspolicy/source
github.com/sagernet/tailscale/ipn/store
github.com/sagernet/sing-box/transport/wireguard
github.com/sagernet/tailscale/tsweb
github.com/sagernet/tailscale/feature/portmapper
github.com/sagernet/tailscale/ipn/ipnauth
github.com/sagernet/tailscale/feature/c2n
github.com/coder/websocket/internal/errd
github.com/coder/websocket
github.com/sagernet/tailscale/client/tailscale
golang.org/x/oauth2/clientcredentials
github.com/sagernet/tailscale/wgengine/router/osrouter
github.com/sagernet/tailscale/feature/condregister/portmapper
github.com/sagernet/tailscale/internal/client/tailscale
github.com/dgryski/go-metro
github.com/sagernet/tailscale/net/memnet
github.com/sagernet/tailscale/ipn/conffile
github.com/sagernet/tailscale/feature/condregister/osrouter
github.com/axiomhq/hyperloglog
github.com/sagernet/tailscale/net/portmapper
github.com/sagernet/tailscale/util/syspolicy/rsop
github.com/sagernet/tailscale/net/proxymux
github.com/sagernet/tailscale/net/socks5
github.com/go4org/hashtriemap
github.com/sagernet/tailscale/feature/oauthkey
github.com/sagernet/tailscale/wgengine/wgcfg
github.com/caddyserver/certmagic/internal/atomicfile
github.com/sagernet/tailscale/feature/condregister/oauthkey
github.com/sagernet/tailscale/net/udprelay
github.com/sagernet/sing-box/service/api
github.com/sagernet/tailscale/net/wsconn
golang.org/x/net/http/httpproxy
github.com/sagernet/tailscale/util/httphdr
github.com/cretz/bine/torutil/ed25519/internal/edwards25519
github.com/sagernet/tailscale/derp/derpserver
github.com/sagernet/tailscale/net/tstun
github.com/sagernet/tailscale/net/tshttpproxy
golang.org/x/net/internal/socks
golang.org/x/net/proxy
github.com/sagernet/tailscale/derp
github.com/sagernet/tailscale/feature/useproxy
github.com/sagernet/sing-box/common/proxybridge
github.com/sagernet/tailscale/feature/condregister/useproxy
github.com/sagernet/tailscale/derp/derphttp
github.com/sagernet/tailscale/util/def
github.com/sagernet/sing-box/transport/trojan
github.com/sagernet/tailscale/util/syspolicy/internal/loggerx
github.com/cretz/bine/torutil/ed25519
github.com/sagernet/tailscale/util/syspolicy/internal/metrics
github.com/sagernet/tailscale/net/batching
github.com/cretz/bine/torutil
github.com/sagernet/sing-box/protocol/trojan
github.com/cretz/bine/control
github.com/sagernet/tailscale/net/ping
github.com/sagernet/tailscale/feature/portmapper
github.com/sagernet/tailscale/util/syspolicy/source
github.com/sagernet/tailscale/net/portmapper/portmappertype
github.com/sagernet/sing-box/protocol/wireguard
github.com/cretz/bine/process
github.com/sagernet/tailscale/feature/condregister/portmapper
github.com/cretz/bine/tor
github.com/sagernet/tailscale/net/memnet
github.com/sagernet/tailscale/util/cloudinfo
github.com/sagernet/tailscale/wgengine/router
github.com/sagernet/tailscale/net/proxymux
github.com/sagernet/tailscale/net/socks5
github.com/sagernet/tailscale/util/syspolicy/rsop
github.com/sagernet/sing-box/protocol/tun
github.com/sagernet/sing-box/protocol/tor
github.com/sagernet/tailscale/net/udprelay
github.com/sagernet/tailscale/internal/client/tailscale
github.com/sagernet/tailscale/util/httphdr
github.com/sagernet/sing-vmess/packetaddr
github.com/cretz/bine/torutil/ed25519/internal/edwards25519
github.com/sagernet/tailscale/wgengine
github.com/sagernet/sing-vmess/vless
github.com/sagernet/tailscale/net/netcheck
github.com/sagernet/tailscale/feature/oauthkey
github.com/sagernet/sing-box/protocol/vmess
github.com/sagernet/tailscale/feature/condregister/oauthkey
golang.org/x/net/internal/socks
github.com/cretz/bine/torutil/ed25519
github.com/cretz/bine/torutil
golang.org/x/net/proxy
github.com/caddyserver/zerossl
github.com/sagernet/sing-box/transport/wireguard
github.com/cretz/bine/control
github.com/sagernet/tailscale/wgengine/wgint
github.com/sagernet/sing-box/protocol/vless
github.com/cretz/bine/process
github.com/sagernet/sing-box/common/proxybridge
github.com/libdns/libdns
github.com/sagernet/sing-box/transport/trojan
github.com/sagernet/tailscale/wgengine/wglog
github.com/mholt/acmez/v3/acme
github.com/pires/go-proxyproto
github.com/cretz/bine/tor
github.com/sagernet/sing-box/protocol/trojan
github.com/coder/websocket/internal/errd
github.com/sagernet/sing-box/protocol/tor
github.com/coder/websocket
github.com/sagernet/tailscale/envknob/featureknob
github.com/sagernet/tailscale/wgengine
github.com/sagernet/tailscale/ipn/ipnlocal/netmapcache
github.com/sagernet/tailscale/ipn/store/mem
github.com/mholt/acmez/v3
github.com/sagernet/sing-box/protocol/tun
github.com/zeebo/blake3/internal/consts
github.com/sagernet/tailscale/log/filelogger
github.com/zeebo/blake3/internal/alg/compress/compress_pure
github.com/sagernet/tailscale/logtail/filch
github.com/zeebo/blake3/internal/alg/compress/compress_sse41
github.com/zeebo/blake3/internal/alg/compress
github.com/dgryski/go-metro
github.com/zeebo/blake3/internal/utils
golang.org/x/term
go.uber.org/zap/exp/zapslog
github.com/sagernet/tailscale/net/dnsfallback
github.com/axiomhq/hyperloglog
github.com/zeebo/blake3/internal/alg/hash/hash_pure
github.com/zeebo/blake3/internal/alg/hash/hash_avx2
github.com/zeebo/blake3/internal/alg/hash
golang.org/x/crypto/ocsp
github.com/zeebo/blake3/internal/alg
github.com/sagernet/sing-box/service/ssmapi
github.com/zeebo/blake3
github.com/sagernet/sing-box/service/api
github.com/sagernet/tailscale/wgengine/magicsock
github.com/go4org/hashtriemap
github.com/sagernet/sing-box/service/usbip
github.com/sagernet/tailscale/logpolicy
github.com/sagernet/tailscale/net/wsconn
github.com/sagernet/sing-vmess/packetaddr
github.com/caddyserver/certmagic
github.com/sagernet/tailscale/derp/derpserver
github.com/sagernet/sing-vmess/vless
github.com/sagernet/sing-box/protocol/vmess
github.com/sagernet/sing-box/transport/v2rayquic
github.com/sagernet/sing-box/transport/wireguard
github.com/sagernet/sing-box/protocol/vless
os/signal
github.com/sagernet/sing-box/protocol/wireguard
github.com/sagernet/tailscale/util/goroutines
github.com/sagernet/tailscale/util/osuser
github.com/sagernet/tailscale/ipn/store
github.com/sagernet/tailscale/tempfork/acme
github.com/sagernet/tailscale/log/sockstatlog
github.com/coder/websocket/internal/errd
github.com/coder/websocket
github.com/sagernet/tailscale/tsweb
github.com/dgryski/go-metro
github.com/axiomhq/hyperloglog
github.com/sagernet/tailscale/tsd
github.com/sagernet/tailscale/tempfork/httprec
github.com/go4org/hashtriemap
github.com/caddyserver/certmagic/internal/atomicfile
github.com/caddyserver/certmagic/internal/atomicfile
github.com/sagernet/tailscale/feature/c2n
github.com/caddyserver/zerossl
github.com/caddyserver/zerossl
github.com/sagernet/sing-box/service/origin_ca
github.com/sagernet/tailscale/client/tailscale
github.com/sagernet/sing-box/service/api
github.com/sagernet/tailscale/net/wsconn
github.com/libdns/libdns
github.com/sagernet/tailscale/derp/derpserver
golang.org/x/oauth2/internal
github.com/mholt/acmez/v3/acme
golang.org/x/oauth2
github.com/sagernet/sing-box/protocol/wireguard
github.com/zeebo/blake3/internal/consts
golang.org/x/oauth2/clientcredentials
github.com/zeebo/blake3/internal/alg/compress/compress_pure
github.com/mholt/acmez/v3
github.com/sagernet/tailscale/wgengine/router/osrouter
github.com/zeebo/blake3/internal/alg/compress/compress_sse41
github.com/sagernet/tailscale/net/portmapper
github.com/zeebo/blake3/internal/alg/compress
github.com/zeebo/blake3/internal/utils
github.com/zeebo/blake3/internal/alg/hash/hash_pure
github.com/zeebo/blake3/internal/alg/hash/hash_avx2
github.com/zeebo/blake3/internal/alg/hash
github.com/zeebo/blake3/internal/alg
github.com/sagernet/tailscale/feature/condregister/osrouter
github.com/zeebo/blake3
golang.org/x/net/http/httpproxy
go.uber.org/zap/exp/zapslog
golang.org/x/crypto/ocsp
github.com/sagernet/tailscale/net/tshttpproxy
github.com/sagernet/sing-box/service/ssmapi
github.com/caddyserver/certmagic
github.com/sagernet/tailscale/feature/useproxy
github.com/sagernet/sing-box/service/usbip
github.com/sagernet/tailscale/feature/condregister/useproxy
github.com/sagernet/tailscale/util/def
github.com/sagernet/tailscale/util/syspolicy/internal/loggerx
github.com/sagernet/tailscale/util/syspolicy/internal/metrics
github.com/libdns/libdns
github.com/sagernet/sing-box/transport/v2rayquic
github.com/mholt/acmez/v3/acme
github.com/sagernet/tailscale/feature/portmapper
github.com/sagernet/tailscale/util/syspolicy/source
github.com/mholt/acmez/v3
os/signal
github.com/sagernet/tailscale/feature/condregister/portmapper
github.com/sagernet/tailscale/net/memnet
github.com/sagernet/tailscale/internal/client/tailscale
github.com/sagernet/tailscale/net/proxymux
github.com/zeebo/blake3/internal/consts
github.com/zeebo/blake3/internal/alg/compress/compress_pure
github.com/sagernet/tailscale/net/socks5
github.com/sagernet/tailscale/feature/oauthkey
github.com/zeebo/blake3/internal/alg/compress
github.com/zeebo/blake3/internal/utils
github.com/sagernet/tailscale/net/udprelay
github.com/zeebo/blake3/internal/alg/hash/hash_pure
github.com/sagernet/tailscale/util/syspolicy/rsop
github.com/sagernet/tailscale/feature/condregister/oauthkey
github.com/zeebo/blake3/internal/alg/hash
github.com/zeebo/blake3/internal/alg
github.com/sagernet/tailscale/util/httphdr
github.com/zeebo/blake3
github.com/cretz/bine/torutil/ed25519/internal/edwards25519
go.uber.org/zap/exp/zapslog
golang.org/x/crypto/ocsp
github.com/sagernet/tailscale/tsd
github.com/caddyserver/certmagic
github.com/cretz/bine/torutil/ed25519
github.com/sagernet/sing-box/service/origin_ca
github.com/cretz/bine/torutil
github.com/cretz/bine/control
github.com/cretz/bine/process
github.com/sagernet/sing-box/service/ssmapi
golang.org/x/net/internal/socks
golang.org/x/net/proxy
github.com/sagernet/sing-box/service/usbip
github.com/sagernet/sing-box/common/proxybridge
github.com/cretz/bine/tor
github.com/sagernet/tailscale/wgengine
github.com/sagernet/tailscale/tsd
github.com/sagernet/sing-box/transport/trojan
github.com/sagernet/sing-box/protocol/tor
github.com/sagernet/sing-box/protocol/trojan
github.com/sagernet/sing-box/transport/v2rayquic
os/signal
github.com/sagernet/sing-box/protocol/tun
github.com/sagernet/sing-vmess/packetaddr
github.com/sagernet/sing-vmess/vless
github.com/sagernet/tailscale/ipn/ipnext
github.com/sagernet/sing-box/protocol/vmess
github.com/sagernet/sing-box/service/origin_ca
github.com/sagernet/sing-box/protocol/vless
github.com/sagernet/sing-box/transport/wireguard
github.com/coder/websocket/internal/errd
github.com/coder/websocket
github.com/dgryski/go-metro
github.com/axiomhq/hyperloglog
github.com/go4org/hashtriemap
github.com/sagernet/sing-box/service/api
github.com/sagernet/tailscale/net/wsconn
github.com/sagernet/tailscale/derp/derpserver
github.com/sagernet/sing-box/protocol/wireguard
github.com/sagernet/tailscale/ipn/ipnext
github.com/sagernet/tailscale/tsd
github.com/caddyserver/certmagic/internal/atomicfile
github.com/sagernet/tailscale/ipn/ipnext
github.com/caddyserver/zerossl
github.com/libdns/libdns
github.com/mholt/acmez/v3/acme
github.com/zeebo/blake3/internal/consts
github.com/zeebo/blake3/internal/utils
github.com/zeebo/blake3/internal/alg/compress/compress_pure
go.uber.org/zap/exp/zapslog
github.com/zeebo/blake3/internal/alg/compress/compress_sse41
github.com/zeebo/blake3/internal/alg/compress
github.com/mholt/acmez/v3
github.com/zeebo/blake3/internal/alg/hash/hash_pure
golang.org/x/crypto/ocsp
github.com/zeebo/blake3/internal/alg/hash/hash_avx2
github.com/zeebo/blake3/internal/alg/hash
github.com/zeebo/blake3/internal/alg
github.com/zeebo/blake3
github.com/sagernet/sing-box/service/ssmapi
github.com/sagernet/sing-box/service/usbip
github.com/caddyserver/certmagic
github.com/sagernet/tailscale/appc
github.com/sagernet/sing-box/transport/v2rayquic
os/signal
github.com/sagernet/tailscale/ipn/ipnlocal
github.com/sagernet/sing-box/service/origin_ca
github.com/sagernet/tailscale/appc
github.com/sagernet/tailscale/ipn/ipnext
github.com/sagernet/tailscale/appc
github.com/sagernet/tailscale/ipn/ipnlocal
github.com/sagernet/tailscale/ipn/ipnlocal
github.com/sagernet/tailscale/appc
github.com/sagernet/tailscale/ipn/ipnlocal
github.com/sagernet/tailscale/ipn/localapi
github.com/sagernet/tailscale/wgengine/netstack
github.com/sagernet/tailscale/feature/acme
github.com/sagernet/tailscale/feature/acme
github.com/sagernet/tailscale/ipn/localapi
github.com/sagernet/tailscale/wgengine/netstack
github.com/sagernet/tailscale/ipn/localapi
github.com/sagernet/tailscale/wgengine/netstack
github.com/sagernet/tailscale/feature/acme
github.com/sagernet/tailscale/feature/relayserver
github.com/sagernet/tailscale/tsnet
github.com/sagernet/tailscale/feature/acme
github.com/sagernet/tailscale/ipn/localapi
github.com/sagernet/tailscale/wgengine/netstack
github.com/sagernet/tailscale/feature/relayserver
github.com/sagernet/tailscale/tsnet
github.com/sagernet/tailscale/feature/relayserver
github.com/sagernet/tailscale/tsnet
github.com/sagernet/sing-box/protocol/tailscale/tailssh
github.com/sagernet/tailscale/feature/relayserver
github.com/sagernet/tailscale/tsnet
github.com/sagernet/sing-box/protocol/tailscale/tailssh
github.com/sagernet/sing-box/protocol/tailscale/tailssh
github.com/sagernet/sing-box/protocol/tailscale
github.com/sagernet/sing-box/protocol/tailscale/tailssh
github.com/sagernet/sing-box/protocol/tailscale
github.com/sagernet/sing-box/protocol/tailscale
github.com/sagernet/sing-box/service/derp
github.com/sagernet/sing-box/protocol/tailscale
github.com/sagernet/sing-box/service/derp
github.com/sagernet/sing-box/service/derp
github.com/sagernet/sing-box/include
github.com/sagernet/sing-box/experimental/libbox
github.com/sagernet/sing-box/service/derp
github.com/sagernet/sing-box/include
github.com/sagernet/sing-box/include
github.com/sagernet/sing-box/build/arm/libbox
github.com/sagernet/sing-box/experimental/libbox
github.com/sagernet/sing-box/experimental/libbox
github.com/sagernet/sing-box/include
github.com/sagernet/sing-box/build/amd64/libbox
github.com/sagernet/sing-box/build/386/libbox
github.com/sagernet/sing-box/experimental/libbox
github.com/sagernet/sing-box/build/arm64/libbox
# github.com/sagernet/sing-box/build/arm64/libbox
/opt/hostedtoolcache/go/1.25.14/x64/pkg/tool/linux_amd64/link: running /usr/local/lib/android/sdk/ndk/27.3.13750724/toolchains/llvm/prebuilt/linux-x86_64/bin/aarch64-linux-android24-clang failed: exit status 1
/usr/local/lib/android/sdk/ndk/27.3.13750724/toolchains/llvm/prebuilt/linux-x86_64/bin/aarch64-linux-android24-clang -s -Wl,-z,relro -shared -Wl,-z,nodelete -Wl,-Bsymbolic -o a.out -rdynamic -Qunused-arguments -Wl,--compress-debug-sections=zlib /tmp/go-link-3620056546/go.o /tmp/go-link-3620056546/000000.o /tmp/go-link-3620056546/000001.o /tmp/go-link-3620056546/000002.o /tmp/go-link-3620056546/000003.o /tmp/go-link-3620056546/000004.o /tmp/go-link-3620056546/000005.o /tmp/go-link-3620056546/000006.o /tmp/go-link-3620056546/000007.o /tmp/go-link-3620056546/000008.o /tmp/go-link-3620056546/000009.o /tmp/go-link-3620056546/000010.o /tmp/go-link-3620056546/000011.o /tmp/go-link-3620056546/000012.o /tmp/go-link-3620056546/000013.o /tmp/go-link-3620056546/000014.o /tmp/go-link-3620056546/000015.o /tmp/go-link-3620056546/000016.o /tmp/go-link-3620056546/000017.o /tmp/go-link-3620056546/000018.o /tmp/go-link-3620056546/000019.o /tmp/go-link-3620056546/000020.o /tmp/go-link-3620056546/000021.o /tmp/go-link-3620056546/000022.o /tmp/go-link-3620056546/000023.o /tmp/go-link-3620056546/000024.o /tmp/go-link-3620056546/000025.o /tmp/go-link-3620056546/000026.o /tmp/go-link-3620056546/000027.o /tmp/go-link-3620056546/000028.o /tmp/go-link-3620056546/000029.o /tmp/go-link-3620056546/000030.o /tmp/go-link-3620056546/000031.o /tmp/go-link-3620056546/000032.o /tmp/go-link-3620056546/000033.o /tmp/go-link-3620056546/000034.o /tmp/go-link-3620056546/000035.o /tmp/go-link-3620056546/000036.o /tmp/go-link-3620056546/000037.o /tmp/go-link-3620056546/000038.o /tmp/go-link-3620056546/000039.o /tmp/go-link-3620056546/000040.o /tmp/go-link-3620056546/000041.o /tmp/go-link-3620056546/000042.o /tmp/go-link-3620056546/000043.o /tmp/go-link-3620056546/000044.o /tmp/go-link-3620056546/000045.o /tmp/go-link-3620056546/000046.o /tmp/go-link-3620056546/000047.o /tmp/go-link-3620056546/000048.o /tmp/go-link-3620056546/000049.o /tmp/go-link-3620056546/000050.o /tmp/go-link-3620056546/000051.o /tmp/go-link-3620056546/000052.o /tmp/go-link-3620056546/000053.o /tmp/go-link-3620056546/000054.o /tmp/go-link-3620056546/000055.o /tmp/go-link-3620056546/000056.o /tmp/go-link-3620056546/000057.o /tmp/go-link-3620056546/000058.o /tmp/go-link-3620056546/000059.o /tmp/go-link-3620056546/000060.o /tmp/go-link-3620056546/000061.o /tmp/go-link-3620056546/000062.o /tmp/go-link-3620056546/000063.o /tmp/go-link-3620056546/000064.o /tmp/go-link-3620056546/000065.o /tmp/go-link-3620056546/000066.o /tmp/go-link-3620056546/000067.o /tmp/go-link-3620056546/000068.o /tmp/go-link-3620056546/000069.o /tmp/go-link-3620056546/000070.o /tmp/go-link-3620056546/000071.o /tmp/go-link-3620056546/000072.o /tmp/go-link-3620056546/000073.o /tmp/go-link-3620056546/000074.o /tmp/go-link-3620056546/000075.o /tmp/go-link-3620056546/000076.o /tmp/go-link-3620056546/000077.o /tmp/go-link-3620056546/000078.o /tmp/go-link-3620056546/000079.o -O2 -g -llog -O2 -g -llog -O2 -g -llog -O2 -g -O2 -g -O2 -g -O2 -g -O2 -g -O2 -g -O2 -g -L/home/runner/go/pkg/mod/github.com/sagernet/cronet-go/lib/android_arm64@v0.0.0-20260912104006-c10c03c318db -l:libcronet.a -Wl,-wrap,aligned_alloc -Wl,-wrap,calloc -Wl,-wrap,free -Wl,-wrap,malloc -Wl,-wrap,memalign -Wl,-wrap,posix_memalign -Wl,-wrap,pvalloc -Wl,-wrap,realloc -Wl,-wrap,valloc -Wl,-wrap,malloc_usable_size -Wl,-wrap,realpath -Wl,-wrap,strdup -Wl,-wrap,strndup -Wl,-wrap,getcwd -Wl,-wrap,asprintf -Wl,-wrap,vasprintf -ldl -lm -landroid -llog
ld.lld: error: /home/runner/go/pkg/mod/github.com/sagernet/cronet-go/lib/android_arm64@v0.0.0-20260912104006-c10c03c318db/libcronet.a(stdlib_typeinfo.o):(.rodata+0x4): unknown relocation (315) against symbol typeinfo for std::bad_cast
ld.lld: error: /home/runner/go/pkg/mod/github.com/sagernet/cronet-go/lib/android_arm64@v0.0.0-20260912104006-c10c03c318db/libcronet.a(private_typeinfo.o):(.rodata+0x4): unknown relocation (315) against symbol typeinfo for __cxxabiv1::__shim_type_info
ld.lld: error: /home/runner/go/pkg/mod/github.com/sagernet/cronet-go/lib/android_arm64@v0.0.0-20260912104006-c10c03c318db/libcronet.a(stdlib_stdexcept.o):(.rodata+0x4): unknown relocation (315) against symbol typeinfo for std::logic_error
ld.lld: error: /home/runner/go/pkg/mod/github.com/sagernet/cronet-go/lib/android_arm64@v0.0.0-20260912104006-c10c03c318db/libcronet.a(stdlib_typeinfo.o):(.rodata+0x4): unknown relocation (315) against symbol typeinfo for std::bad_typeid
ld.lld: error: /home/runner/go/pkg/mod/github.com/sagernet/cronet-go/lib/android_arm64@v0.0.0-20260912104006-c10c03c318db/libcronet.a(private_typeinfo.o):(.rodata+0x4): unknown relocation (315) against symbol typeinfo for __cxxabiv1::__fundamental_type_info
ld.lld: error: /home/runner/go/pkg/mod/github.com/sagernet/cronet-go/lib/android_arm64@v0.0.0-20260912104006-c10c03c318db/libcronet.a(stdlib_stdexcept.o):(.rodata+0x4): unknown relocation (315) against symbol typeinfo for std::runtime_error
ld.lld: error: /home/runner/go/pkg/mod/github.com/sagernet/cronet-go/lib/android_arm64@v0.0.0-20260912104006-c10c03c318db/libcronet.a(stdlib_typeinfo.o):(.rodata+0x4): unknown relocation (315) against symbol typeinfo for std::type_info
ld.lld: error: /home/runner/go/pkg/mod/github.com/sagernet/cronet-go/lib/android_arm64@v0.0.0-20260912104006-c10c03c318db/libcronet.a(stdlib_exception.o):(.rodata+0x4): unknown relocation (315) against symbol typeinfo for std::bad_alloc
ld.lld: error: /home/runner/go/pkg/mod/github.com/sagernet/cronet-go/lib/android_arm64@v0.0.0-20260912104006-c10c03c318db/libcronet.a(stdlib_stdexcept.o):(.rodata+0x4): unknown relocation (315) against symbol typeinfo for std::domain_error
ld.lld: error: /home/runner/go/pkg/mod/github.com/sagernet/cronet-go/lib/android_arm64@v0.0.0-20260912104006-c10c03c318db/libcronet.a(stdlib_exception.o):(.rodata+0x4): unknown relocation (315) against symbol typeinfo for std::bad_array_new_length
ld.lld: error: /home/runner/go/pkg/mod/github.com/sagernet/cronet-go/lib/android_arm64@v0.0.0-20260912104006-c10c03c318db/libcronet.a(stdlib_stdexcept.o):(.rodata+0x4): unknown relocation (315) against symbol typeinfo for std::invalid_argument
ld.lld: error: /home/runner/go/pkg/mod/github.com/sagernet/cronet-go/lib/android_arm64@v0.0.0-20260912104006-c10c03c318db/libcronet.a(stdlib_exception.o):(.rodata+0x4): unknown relocation (315) against symbol typeinfo for std::exception
ld.lld: error: /home/runner/go/pkg/mod/github.com/sagernet/cronet-go/lib/android_arm64@v0.0.0-20260912104006-c10c03c318db/libcronet.a(stdlib_exception.o):(.rodata+0x4): unknown relocation (315) against symbol typeinfo for std::bad_exception
ld.lld: error: /home/runner/go/pkg/mod/github.com/sagernet/cronet-go/lib/android_arm64@v0.0.0-20260912104006-c10c03c318db/libcronet.a(stdlib_stdexcept.o):(.rodata+0x4): unknown relocation (315) against symbol typeinfo for std::length_error
ld.lld: error: /home/runner/go/pkg/mod/github.com/sagernet/cronet-go/lib/android_arm64@v0.0.0-20260912104006-c10c03c318db/libcronet.a(stdlib_stdexcept.o):(.rodata+0x4): unknown relocation (315) against symbol typeinfo for std::out_of_range
ld.lld: error: /home/runner/go/pkg/mod/github.com/sagernet/cronet-go/lib/android_arm64@v0.0.0-20260912104006-c10c03c318db/libcronet.a(stdlib_stdexcept.o):(.rodata+0x4): unknown relocation (315) against symbol typeinfo for std::range_error
ld.lld: error: /home/runner/go/pkg/mod/github.com/sagernet/cronet-go/lib/android_arm64@v0.0.0-20260912104006-c10c03c318db/libcronet.a(private_typeinfo.o):(.rodata+0x4): unknown relocation (315) against symbol typeinfo for __cxxabiv1::__array_type_info
ld.lld: error: /home/runner/go/pkg/mod/github.com/sagernet/cronet-go/lib/android_arm64@v0.0.0-20260912104006-c10c03c318db/libcronet.a(stdlib_stdexcept.o):(.rodata+0x4): unknown relocation (315) against symbol typeinfo for std::overflow_error
ld.lld: error: /home/runner/go/pkg/mod/github.com/sagernet/cronet-go/lib/android_arm64@v0.0.0-20260912104006-c10c03c318db/libcronet.a(stdlib_stdexcept.o):(.rodata+0x4): unknown relocation (315) against symbol typeinfo for std::underflow_error
ld.lld: error: /home/runner/go/pkg/mod/github.com/sagernet/cronet-go/lib/android_arm64@v0.0.0-20260912104006-c10c03c318db/libcronet.a(private_typeinfo.o):(.rodata+0x4): unknown relocation (315) against symbol typeinfo for __cxxabiv1::__function_type_info
ld.lld: error: too many errors emitted, stopping now (use --error-limit=0 to see all errors)
clang: error: linker command failed with exit code 1 (use -v to see invocation)

/home/runner/go/bin/gomobile: go build -tags with_gvisor,with_quic,with_wireguard,with_utls,with_naive_outbound,with_clash_api,with_usbip,with_openvpn,with_openconnect,badlinkname,tfogo_checklinkname0,with_tailscale,ts_omit_logtail,ts_omit_ssh,ts_omit_drive,ts_omit_taildrop,ts_omit_webclient,ts_omit_doctor,ts_omit_capture,ts_omit_kube,ts_omit_aws,ts_omit_synology,ts_omit_bird -v -ldflags -X github.com/sagernet/sing-box/constant.Version=1.14.1 -X runtime.godebugDefault=multipathtcp=0,tlssha1=1 -checklinkname=0 -s -w -buildid= -trimpath -buildvcs=false -buildmode=c-shared -o=/tmp/gomobile-work-1191413845/android/src/main/jniLibs/arm64-v8a/libbox.so . failed: exit status 1

[31mFATAL[0m[0453] exit status 1
exit status 1
